用户id,用户名,评论时间,IP地址,评论内容,点赞数量,aweme_id
102997331454,2006.,2025.10.10,天津,学委同意了吗,0,7559561362259643705
93442756685,长长99,2025.10.10,河北,我能说吗？,0,7559561362259643705
101653095699,脆脆烤蛋挞,2025.10.10,天津,心理委员，我女朋友要跟我分手，我心里难过[抱紧自己][抱紧自己]你可以安慰一下我吗,0,7559561362259643705
395424611177388,高冷土豆条,2025.10.10,浙江,班长知道嘛,0,7559561362259643705
100690987751,程程程程程hh,2025.10.10,天津,我要嘎了怎么办，心理委员,0,7559561362259643705
1121143904541323,晴天.,2025.10.10,天津,心理委员算个🥚,0,7559561362259643705
59119191832,Kris,2025.10.11,四川,👖：Aewsnow,0,7559939933021211914
95581946574,星河丷,2025.10.11,江苏,爸爸[舔屏],0,7559939933021211914
33453439724652,他们都叫我不俊,2025.10.11,浙江,依旧死脸[图片表情],0,7559939933021211914
2823169815610004,Lllllllllllll,2025.10.11,四川,[图片表情],0,7559939933021211914
4223697579157408,芙！,2025.10.11,广东,[图片表情],1,7559617263180107054
98751909382,安梦渊,2025.10.11,黑龙江,好看！,1,7559617263180107054
1256071903583584,缪海,2025.10.11,黑龙江,@DOU+上热门 @抖音能量站 @抖音 @DOU+小助手 @抖音创作小助手 @抖音创作者大会 @抖音图文 @抖音创作灵感,0,7559617263180107054
84853416791,二乃（好像停不了谷版）,2025.10.11,重庆,这肩，我舔舔舔舔舔舔舔舔舔舔舔舔舔舔舔[图片表情],1,7559617263180107054
632939358717599,咿呀哟,2025.10.10,中国香港,和姑姑的那张好酷@ [调皮],0,7559549633102826811
64119422193,咕噜咕噜。,2025.10.10,甘肃,这么美的照片先给我看,0,7559549633102826811
3987306558525883,龙子轩,2025.10.10,甘肃,[赞][赞],0,7559549633102826811
1959798249883292,小🐑♡,2025.10.11,新疆,真美,0,7559549633102826811
105974158336477,开心668,2025.10.10,河北,[赞][赞][赞],0,7559296559873461563
773656552942999,Lit,2025.10.10,山西,用上自己喜欢的标签啦,0,7559296559873461563
78817489064237,永远不高尚,2025.10.10,河北,[赞][赞][赞],0,7559296559873461563
104164795526,桃壹,2025.10.10,江苏,[玫瑰][玫瑰][玫瑰],0,7559544919572942130
106874150846,搞笑,2025.10.11,陕西,你穿不好看[疑问][疑问][疑问],0,7559592335866350886
4490848935878431,予墨与廷,2025.10.11,江苏,嗯，确实没什么违和感。不愧是动漫最牛逼的国家。确实他们更懂怎么处理,0,7558926799431716135
86125725888,我不喝加糖咖啡,2025.10.11,江西,[玫瑰][玫瑰][玫瑰][玫瑰][玫瑰][爱心][爱心][爱心][爱心][爱心][比心][比心][比心][比心][比心][比心][求机位3][求机位3][求机位3][求机位3][求机位3][赞][赞][赞][赞][赞][赞],0,7558926799431716135
111188639241,德华猴子大王0301,2025.10.09,北京,眼睛这么大，这得有2.3米了？[戳手手],0,7559062419226545462
52522158167,哎呦喂,2025.10.10,北京,像苍蝇,0,7559062419226545462
4410853003371380,喵喵大王有九命,2025.10.09,山东,来个同城代打，加急[杀马特],0,7559062419226545462
92791419342,张无邪,2025.10.09,山东,狗贼,0,7559062419226545462
111491878941,墨斗不吃鱼,2025.10.09,山东,。。。。吓我一跳！,0,7559062419226545462
59319456505,Hanh,2025.10.09,山东,干嘛,0,7559062419226545462
17195668142,水泥半碗,2025.10.09,北京,不知道为啥刷到这个视角，我老想舔一下看看对方会不会躲开[黑脸][黑脸],0,7559062419226545462
85759562918,AAA大运重卡副师傅（专跑高速）,2025.10.10,江西,你是要这么萌呗[猪头],0,7559137279701208355
3327597561257703,苦茶茶茶茶,2025.10.09,江西,第一张好萌[嘴唇],0,7559137279701208355
2155505045760471,少吃1口8,2025.10.09,河北,太萌,0,7559137279701208355
76197710932,一零,2025.10.09,江西,美萌美萌,0,7559137279701208355
74566619819,ayo,2025.10.09,江西,这是什么标签,0,7559137279701208355
100105680859,王八蛋.,2025.10.09,江西,[图片表情],0,7559137279701208355
2343794489428891,hhhhh,2025.10.09,江西,好米[色],0,7559137279701208355
68446415980,fire,2025.10.09,湖北,[图片表情],0,7559137279701208355
105465425936,🍊😊🥩,2025.10.09,江西,[图片表情],0,7559137279701208355
106072301205,千岛眠,2025.10.11,吉林,？,0,7559909427475991868
1824840230377448,麦香鱼鱼鱼Echo,2025.10.11,吉林,我要看我是哪吒,0,7559909427475991868
75450234293,"Song""",2025.10.11,湖南,[愉快][愉快][愉快][愉快][愉快][愉快][愉快][愉快][愉快][愉快][愉快][愉快][愉快][愉快][愉快],0,7559754485381647651
4054624617901086,85981166810,2025.10.11,河北,[666],0,7559754485381647651
3026320707822840,Azizgul0101,2025.10.11,新疆,[666],0,7559754485381647651
2837159281965747,小佳忆,2025.10.11,吉林,[666],0,7559754485381647651
474623261298237,🍭糖小萌🍭,2025.10.11,江苏,[666][666][666][666][666][666],0,7559754485381647651
2762394538879853,🐭 闹闹可真闹,2025.10.11,天津,[666],0,7559754485381647651
91938561059,キキ日语老师,2025.10.11,山西,[666][666][666][666][666][666],0,7559754485381647651
100377556682,馨,2025.10.11,江西,[666][666][666][666],0,7559754485381647651
3623607494263719,明天更好赵云先,2025.10.11,山东,[666][666][666][666],0,7559754485381647651
79154769335,🌈糖(ʘ̆ʚʘ̆)💨,2025.10.11,天津,@[666],0,7559754485381647651
1834426700406423,旺里旺气,2025.10.11,江苏,[杀马特][杀马特][抱抱你][抱抱你],0,7559754485381647651
3408095928124925,龙,2025.10.11,安徽,[杀马特],0,7559754485381647651
95171740027,篱開水的鱼,2025.10.11,安徽,[666][贴贴][玫瑰],0,7559754485381647651
93266281383,〢ヽ 颜 色,2025.10.11,河南,9999999,0,7559754485381647651
4503682115810662,子夕娘娘,2025.10.11,山东,都想失去,1,7559867871112596762
655733950002959,涵涵,2025.10.11,山东,这个哪吒好帅 你喜欢谁 我喜欢和哪吒点赞的,0,7559867871112596762
57246794634,用户232749,2025.10.11,江西,666,0,7559867871112596762
3273684549117835,乌冬冬冬冬,2025.10.11,广东,666666唧吒,0,7559867871112596762
79300514540,梦想成真qian,2025.10.11,河南,@敖丙一夫人。,0,7559867871112596762
4111827214810088,余明和,2025.10.11,云南,[666][666][666][666],0,7559867871112596762
3173612314963428,用户8841581899437,2025.10.11,浙江,[666][666][666][666][666][666],0,7559867871112596762
77545379195,玖贰,2025.10.11,浙江,孤独和干啥,0,7559867871112596762
1634347675030523,谢美华,2025.10.11,福建,[666][666][666][666][666][666][666][666][666][666][666][666][666][666][666][666][666][666][衰][衰][衰],0,7559867871112596762
1159351306553753,嘟嘟陈,2025.10.11,河南,[爱心][爱心],0,7559867871112596762
3889431622991003,用户4009002757287,2025.10.11,湖南,[666][666][666][666][666],0,7559867871112596762
77607563429,思念是一种病,2025.10.11,上海,[666][666][666][666][666][666][666],0,7559867871112596762
3569447932008508,萍,2025.10.11,福建,[666][666][666][666][666][666][666][666][666][666],0,7559867871112596762
1896037319474403,林柔月,2025.10.11,安徽,[666][666][666][666][666][666],0,7559867871112596762
1090364167434744,江江宝Q（元梦新人）,2025.10.11,福建,[666][666][666][666],0,7559867871112596762
4424038065897936,凌儿,2025.10.11,山西,[666],0,7559867871112596762
3628840186574973,用户4383396603963,2025.10.11,浙江,[666][666][666],0,7559867871112596762
3551898131768480,魏明磊,2025.10.11,广西,[666][666],0,7559867871112596762
95942235366,用户1040334497746,2025.10.11,江苏,[666][666][666],0,7559867871112596762
103758055544,呀,2025.10.11,安徽,[礼物],0,7559867871112596762
7527990335332697146,jinzhiyuye,2025.10.11,江苏,[666][666][666][666][666][666][666][666][666][666][666][666][666],0,7559867871112596762
655733950002959,涵涵,2025.10.11,山东,这个哪吒好帅 你喜欢谁 我喜欢和哪吒点赞的,0,7559867871112596762
2553486973089976,te,2025.10.11,广东,[666][666][666][666][666][666][666][666][666][666][666],0,7559867871112596762
2488909647578927,衡,2025.10.11,宁夏,[666][666][666][666][666][666][666][666][666][666][666][666][666],0,7559867871112596762
79300514540,梦想成真qian,2025.10.11,河南,@敖丙一夫人。,0,7559867871112596762
103758055544,呀,2025.10.11,安徽,Dbb,0,7559867871112596762
102519742441,。,2025.10.11,广东,[666][666][666][666][666][666][666][666][666][666][666][666][加一][加一][加一][加一][加一][加一][加一][加一][加一][加一][加一][加一][666][666],0,7559867871112596762
77545379195,玖贰,2025.10.11,浙江,孤独和干啥,0,7559867871112596762
3035068293462013,小鲨鱼,2025.10.11,贵州,[666][666][666][666],0,7559867871112596762
110878809816,用户56284683,2025.10.11,湖南,[666][666][666],0,7559867871112596762
2542509338929563,子芳,2025.10.11,浙江,[666][666][666][666][666][666][666][666][666][666][666][666][666][666][666][666],0,7559867871112596762
4218188951978638,陈雯奶奶,2025.10.11,河南,[666][666][666][666][666][666][666][666][666],0,7559867871112596762
3877331285846233,丢丢,2025.10.11,浙江,[爱心][爱心][爱心][爱心][爱心][爱心][666][666][666][666][666][666][666][666][666][666][666][爱心][爱心][爱心],0,7559867871112596762
3833332824810083,明飞译,2025.10.11,广东,[666][666][666][666][666][666][666][666][666][666][666][666],0,7559867871112596762
105692913973,邓忠康,2025.10.11,广西,[666][666][666][666][666][666][爱心手][爱心手][爱心手][666][666][666][666][贴贴][贴贴][贴贴][666][贴贴][抱抱你][抱抱你][抱抱你][抱抱你][抱抱你][抱抱你][抱抱你],0,7559867871112596762
3765192443822832,用户3802976536837,2025.10.11,江苏,[666][666],0,7559867871112596762
105790318048,你大爷,2025.10.11,河南,[666][666][666][666][666][666][666][666][666],0,7559867871112596762
223926869821304,一一一一,2025.10.11,江苏,[666][666][666][666][666][666][666],0,7559867871112596762
3173612314963428,用户8841581899437,2025.10.11,浙江,[粽子][粽子][粽子][粽子][粽子][粽子][粽子][粽子][粽子][粽子][粽子][粽子][粽子][粽子][粽子][红包][红包][红包][握爪][握爪][握爪][平安果][糖葫芦][圣诞帽][蕉绿][栓Q][月亮][月亮][月亮][月亮],0,7559867871112596762
3208849454801275,老孜蜀道山,2025.10.11,四川,66666666666666666666,0,7559867871112596762
1760771693092905,大,2025.10.11,河南,[抱抱你][调皮][流泪][色][害羞][星星眼][鼓掌][呲牙][抠鼻][害羞][赞][666][666][666],0,7559867871112596762
655733950002959,涵涵,2025.10.11,山东,这个哪吒好帅 你喜欢谁 我喜欢和哪吒点赞的,0,7559867871112596762
106546195350,”小仙女”,2025.10.11,浙江,[抱抱你][爱心][爱心][爱心][爱心][爱心][爱心][爱心][爱心][爱心][爱心][爱心],0,7559867871112596762
61437364484,Meet you,2025.10.11,河南,[偷笑][偷笑][偷笑][偷笑][偷笑][偷笑][偷笑][666][666][666][666][666][666][666][来看我][来看我][来看我][来看我][来看我][来看我][来看我][来看我][图片表情],0,7559867871112596762
79300514540,梦想成真qian,2025.10.11,河南,@敖丙一夫人。,0,7559867871112596762
3115356487705280,丫丫,2025.10.11,河北,[666][晕][衰][震惊][哈欠][一起加油][来看我][闭嘴][666][石化][偷笑],0,7559867871112596762
1555144804936746,果汁分你一半,2025.10.11,湖北,[爱心][爱心][爱心][666][666][666],0,7559867871112596762
77545379195,玖贰,2025.10.11,浙江,孤独和干啥,0,7559867871112596762
109091364799,浅,2025.10.11,浙江,[666][666][666],0,7559867871112596762
4258847180721706,不要打我吗,2025.10.11,浙江,[666][666][666][666][666][666][666][666][666][666][666],0,7559867871112596762
1197841813615504,^柔月^.,2025.10.11,江苏,[666][666][666][666][666][666][666][666][打脸][震惊][小鼓掌][泣不成声][震惊][送心],0,7559867871112596762
1889421198103370,醉梦人生,2025.10.11,福建,[666][666][666][666][666][666][666],0,7559867871112596762
1366048992673428,卖早餐的青姨,2025.10.11,广东,[666][666][666],0,7559867871112596762
3930135046662313,大斗牛排平洲玉器街夜市,2025.10.11,广东,[666][666][666],0,7559867871112596762
2744858501451933,用户4869869434999,2025.10.11,广东,666,0,7559867871112596762
1794858547677677,英英,2025.10.11,广东,[666][666][666][666][衰][666],0,7559867871112596762
104232409992,毛毛雨,2025.10.11,河南,[666][666],0,7559867871112596762
675516177723754,王公子 晚7:40,2025.10.11,内蒙古,[666][666][666][666],0,7559867871112596762
1943589088399981,时尚穿搭女装,2025.10.11,贵州,666,0,7559867871112596762
2036724870944408,陈健,2025.10.11,河北,[666],0,7559867871112596762
1943589088399981,时尚穿搭女装,2025.10.11,贵州,666,0,7559867871112596762
655733950002959,涵涵,2025.10.11,山东,这个哪吒好帅 你喜欢谁 我喜欢和哪吒点赞的,0,7559867871112596762
1794858547677677,英英,2025.10.11,广东,[666][666][666][666][衰][666],0,7559867871112596762
3997442930116135,用户6232725468772,2025.10.11,河南,[666][666][666],0,7559867871112596762
79300514540,梦想成真qian,2025.10.11,河南,@敖丙一夫人。,0,7559867871112596762
4327325019415064,gjj,2025.10.11,江苏,[666][666][666],0,7559867871112596762
110878809816,用户56284683,2025.10.11,湖南,[玫瑰][玫瑰][尴尬流汗][尴尬流汗][杀马特][杀马特],0,7559867871112596762
77545379195,玖贰,2025.10.11,浙江,孤独和干啥,0,7559867871112596762
655733950002959,涵涵,2025.10.11,山东,666,0,7559867871112596762
104766621911,奥特曼578557755777🤎,2025.10.11,江苏,666,0,7559867871112596762
71576946449,幸运咖要幸运,2025.10.09,河南,想干啥 为什么不带我 我生气了,0,7559222726255775002
1002366132558764,炭烤小肥杨.,2025.10.09,河南,有幸和有村架纯合照了[图片表情],0,7559222726255775002
1481763626425908,沐沐I，💙💙，《好物推荐》,2025.10.10,福建,[玫瑰][玫瑰][玫瑰][爱心][爱心][爱心],1,7559408948286229769
7132482952,🔮ℒᎭℯ⃝江࿐마네키네코ꪮꪰꪤ💞💯,2025.10.10,韩国,[比心],0,7559408948286229769
7552081310510384188,我猫走走,2025.10.11,江苏,右下角放个蛋糕啥意思啊？,1,7559981409441385780
3400150333784104,4uoki,2025.10.11,辽宁,这个好米呀,0,7559812649359052089
3262959449541031,y༠°,2025.10.11,辽宁,呦哈,0,7559812649359052089
3474054709518589,如果你也听周柏豪,2025.10.11,辽宁,慧慧宝贝,0,7559812649359052089
2893556646152286,青鱼📸,2025.10.11,辽宁,也啧啧啧啧啧啧[抠鼻],0,7559812649359052089
2766806900280926,Klnln,2025.10.11,江西,又emo上了 丁,0,7559628718948977978
2080711509541725,小绵羊塔罗🍳疗愈,2025.10.11,福建,顶美,0,7559628718948977978
97800803344,Heokaiyee,2025.10.11,吉林,美神,0,7559628718948977978
1481763626425908,沐沐I，💙💙，《好物推荐》,2025.10.10,福建,优秀的作品总能让人赏心悦目👍👍👍,0,7559337477393304858
3203322809194896,东海第一烂皮jian狗敖丙,2025.10.11,河北,[图片表情],4,7559923103829396736
31207068545655,蛐蛐某人被封俩号,2025.10.11,内蒙古,"Up，up,up,哪吒就是小英雄，才不是什么魔童！[图片表情]",7,7559923103829396736
3203322809194896,东海第一烂皮jian狗敖丙,2025.10.11,河北,[图片表情],4,7559923103829396736
93470545771,东海第一烂皮筋敖丙李靖裤腰带,2025.10.11,江苏,[图片表情],7,7559923103829396736
62630493203,槐序,2025.10.11,天津,哪吒的原型的确是来自印度，但是千百年的文化本土化演变，灵珠转世莲花重生，封神大战肉身成圣，天庭将领斩妖除魔，小孩外表的三天护教美少年战神，早就是现代中国传统文化以及道教文化的一部分。闹海杀龙只是早年间的一个插曲，哪吒的人生也早就不是只斩恶龙了，九十六洞妖魔，石记，世间作恶的妖魔鬼怪都会去杀，职责就是为了护卫世人，斩妖除魔,14,7559923103829396736
3203322809194896,东海第一烂皮jian狗敖丙,2025.10.11,河北,[图片表情],3,7559923103829396736
2972728367254791,坛子,2025.10.11,湖北,[图片表情],2,7559923103829396736
66856890961,宇宙星海,2025.10.11,辽宁,哪吒是惩恶扬善的小英雄，是阐教至宝灵珠子[图片表情],11,7559923103829396736
7487427290570703931,挽莲,2025.10.11,广东,[图片表情],2,7559923103829396736
7487427290570703931,挽莲,2025.10.11,广东,[图片表情],3,7559923103829396736
3203322809194896,东海第一烂皮jian狗敖丙,2025.10.11,河北,今年真是中坛元帅·渡劫元年[图片表情],2,7559923103829396736
464459931326963,Little藕,2025.10.11,广西,[图片表情],7,7559923103829396736
7487427290570703931,挽莲,2025.10.11,广东,[图片表情],2,7559923103829396736
3203322809194896,东海第一烂皮jian狗敖丙,2025.10.11,河北,原著多次提到“灵珠子”和“灵珠”，灵珠子是灵珠的别称，哪吒是奉天尊法旨投胎转世，下凡斩妖除魔🪷以灵珠自居的皮筋粉，问问天尊答不答应？,8,7559923103829396736
62630493203,槐序,2025.10.11,天津,[图片表情],5,7559923103829396736
3203322809194896,东海第一烂皮jian狗敖丙,2025.10.11,河北,吒儿无妄之灾[图片表情],1,7559923103829396736
3203322809194896,东海第一烂皮jian狗敖丙,2025.10.11,河北,敖饼不是华盖星，上古真龙是有自己的名字的，比如应龙、烛龙、青龙（皮筋嬤别给自己贴金了[微笑]）,7,7559923103829396736
3203322809194896,东海第一烂皮jian狗敖丙,2025.10.11,河北,感谢博主辟谣！[图片表情],1,7559923103829396736
945168903834366,三太子龍學者,2025.10.11,江苏,[比心][感谢][鼓掌][玫瑰],3,7559923103829396736
3203322809194896,东海第一烂皮jian狗敖丙,2025.10.11,河北,[图片表情],2,7559923103829396736
2972728367254791,坛子,2025.10.11,湖北,[图片表情],1,7559923103829396736
3203322809194896,东海第一烂皮jian狗敖丙,2025.10.11,河北,吒儿无妄之灾[图片表情],1,7559923103829396736
3881690875313036,飞鸿踏雪,2025.10.11,河北,[图片表情],2,7559923103829396736
3203322809194896,东海第一烂皮jian狗敖丙,2025.10.11,河北,[图片表情],3,7559923103829396736
3203322809194896,东海第一烂皮jian狗敖丙,2025.10.11,河北,感谢博主辟谣！[图片表情],1,7559923103829396736
3046121574768656,aaaaa-,2025.10.11,湖南,up[图片表情],3,7559923103829396736
102426360770,雪卿🫧,2025.10.11,江苏,@秋日薄暮,0,7559923103829396736
62630493203,槐序,2025.10.11,天津,哪吒的原型的确是来自印度，但是千百年的文化本土化演变，灵珠转世莲花重生，封神大战肉身成圣，天庭将领斩妖除魔，小孩外表的三天护教美少年战神，早就是现代中国传统文化以及道教文化的一部分。闹海杀龙只是早年间的一个插曲，哪吒的人生也早就不是只斩恶龙了，九十六洞妖魔，石记，世间作恶的妖魔鬼怪都会去杀，职责就是为了护卫世人，斩妖除魔,14,7559923103829396736
3203322809194896,东海第一烂皮jian狗敖丙,2025.10.11,河北,@抖音小助手 @抖音创作小助手,0,7559923103829396736
3206642320016615,邑姜还是子娴,2025.10.11,河北,好想要哪吒表情包的评论区[抱抱你][图片表情],7,7559923103829396736
3861909855537208,容要欣,2025.10.11,湖北,谁懂一打开抖音就看到了一张美脸的救赎感[色],5,7559939445942144297
60734824798,天穹之镜,2025.10.11,河南,海濑老师我们喜欢你[图片表情],2,7559939445942144297
3512274828134032,白茶,2025.10.11,河南,好萌的小丙[舔屏][图片表情],1,7559939445942144297
773677555646926,⌓‿⌓,2025.10.11,浙江,美神降临[图片表情],0,7559939445942144297
3724789516599997,Fduduxdwxzg,2025.10.11,山东,好吃,0,7559939445942144297
737142678232460,塔柳99,2025.10.11,广西,好好看！！！,0,7559939445942144297
3778357442651294,邪魂xx,2025.10.11,安徽,天呐[舔屏],0,7559939445942144297
2483113652924987,cutie（接搞中）,2025.10.11,广西,无缝衔接图。,0,7549791357377334538
740425573599484,柒柒酱,2025.10.11,河南,我中间只看见一个根深蒂固。,0,7549791357377334538
649181231056883,随心,2025.10.11,广东,,1,7549791357377334538
171973058494887,ༀི༃誰㔑༒ྀ༇,2025.10.11,山东,加上三倍速无敌了。,1,7549791357377334538
544981940183293,隐秘层级-尘封已久的感叹号,2025.10.10,河北,变1560倍速,2,7549791357377334538
2516132287745885,不甘平庸的肠,2025.09.14,湖南,那我两倍速是不是五百倍了[微笑],5615,7549791357377334538
2115938612945719,𝑺𝒕𝒆𝒍𝒍𝒂,2025.10.08,山西,,1,7549791357377334538
30418059672748,平平安安★,2025.10.11,湖北,老鼠叫,0,7549791357377334538
1566175495988206,瑾,2025.10.02,河南,再快也没用[杀马特],80,7549791357377334538
3689583989231965,观日洛,2025.10.08,河北,,1,7549791357377334538
2981517404159328,用户7038857023061,2025.10.02,湖北,,4,7549791357377334538
97593155479,瑞港,2025.10.11,山西,又加了个两倍速,2,7549791357377334538
94093149372,不畏将来，不念过往,2025.10.06,福建,,2,7549791357377334538
1002352125163079,古月吉吉,2025.09.25,河南,我再用抖音3倍速观看，那就是1560倍速了[图片表情],233,7549791357377334538
110801957625,今早有吃饭🌈,2025.10.02,重庆,[思考],23,7549791357377334538
3262953758916872,→_→,2025.09.15,福建,再快。[看],50899,7549791357377334538
1741260471414462,-_-,2025.10.02,广西,随便暂停朋友大冒险输了模仿[黑脸],106,7549791357377334538
108980503001,（o_O）,2025.10.08,湖南,观后感,11,7549791357377334538
67631319970,竹一一,2025.10.08,四川,跟一个,1,7549791357377334538
2856978149541498,吃瓜不吐籽被打,2025.10.05,广西,给你们看汤姆猫[抱抱你][图片表情],2,7549791357377334538
740425573599484,柒柒酱,2025.10.11,河南,我中间只看见一个根深蒂固。,0,7549791357377334538
389703341455372,幸运咖,2025.10.02,广东,调成1倍速就能看原版了[抱抱你],71,7549791357377334538
94793790307,🌈巩哥哥🌈,2025.10.02,广东,确实是完整版，不信大家每一秒都暂停来看，我看完了，很精彩！感谢博主让我在抖音看上了大片[图片表情],11,7549791357377334538
2110686470345438,mei豆~,2025.10.02,福建,根深蒂固！[发怒],42,7549791357377334538
7459003053137986620,烬,2025.10.07,内蒙古,又开了二倍速的我[图片表情],3,7549791357377334538
103595776427,和人类无法交流,2025.10.08,重庆,我也请你们看[图片表情],3,7549791357377334538
2841556359054187,风起潮落,2025.09.18,江苏,他速度再快也没用,352,7549791357377334538
688716713301790,2023²⁰²³,2025.10.02,甘肃,不说了，祝我破鼎,4,7549791357377334538
83773434924,why？,2025.10.06,黑龙江,随手,1,7549791357377334538
171973058494887,ༀི༃誰㔑༒ྀ༇,2025.10.11,山东,加上三倍速无敌了。,1,7549791357377334538
1169475573654093,漂亮羽毛,2025.10.11,贵州,真的快调到1000块,0,7549791357377334538
102795161505,001,2025.10.11,云南,,1,7549791357377334538
75807545141,年年有瑜,2025.10.10,广东,根深蒂固[发怒],2,7549791357377334538
4871435336811,一生只为独行,2025.10.09,辽宁,在一次偶然的暂停中，截到了哪吒,4,7549791357377334538
2329223965451460,用户1773185297535,2025.10.09,安徽,啊，你管这叫哪吒二？,1,7549791357377334538
2500744050915648,26494917858,2025.10.09,云南,@知我者有几 @仌 都说没看过哪吒2活着干啥[呲牙],1,7549791357377334538
2801982734603368,你告别好干脆,2025.10.09,广西,你们这些内存占太大了 看我的[图片表情],3,7549791357377334538
2637072210601323,纪启晨,2025.10.09,浙江,脑子:刚才什么东西窜过去了,1,7549791357377334538
2500744050915648,26494917858,2025.10.09,云南,@知我者有几 @仌 都说没看过哪吒2活着干啥[呲牙],1,7549791357377334538
740425573599484,柒柒酱,2025.10.11,河南,我中间只看见一个根深蒂固。,0,7549791357377334538
2801982734603368,你告别好干脆,2025.10.09,广西,你们这些内存占太大了 看我的[图片表情],3,7549791357377334538
2637072210601323,纪启晨,2025.10.09,浙江,脑子:刚才什么东西窜过去了,1,7549791357377334538
3924596666934432,小狸花,2025.10.09,江西,？……我看了个啥,0,7549791357377334538
741535233616259,总李.,2025.10.09,山东,我看520遍，是不是就看完一集了？[发呆],0,7549791357377334538
3013101746394942,will心花,2025.10.09,浙江,刚想长按加速就放完了[图片表情],1,7549791357377334538
738504536232558,养只吃饭的猫,2025.10.09,广东,好滴，我看完了,2,7549791357377334538
7535457766326338620,天府夜归人,2025.10.09,四川,太慢了不好看,0,7549791357377334538
3654419822152780,平流层王子,2025.10.09,山东,根深蒂固,0,7549791357377334538
314927766054864,溫玖,2025.10.08,中国台湾,家豪：还是慢了,0,7549791357377334538
2827544581126027,崔艳美好生活,2025.10.08,广东,3200倍,4,7549791357377334538
105220066623,2019.😁9❤️猪宝宝,2025.10.08,内蒙古,开三倍速给我叫成大分子,3,7549791357377334538
98230089177,用户5641031828416,2025.10.08,云南,我又外加了三倍,0,7549791357377334538
1297900866636011,我是佳悦,2025.10.08,广东,,2,7549791357377334538
87692931564,我是萨比,2025.10.08,安徽,我们再开个二倍速,0,7549791357377334538
4369937350267227,我最可爱,2025.10.08,福建,我没看过，可是我看明白了。,0,7549791357377334538
1801475349287929,蛋小猫(喜欢蛋小粉)。冲200粉！！！,2025.10.08,湖北,大概就是这么快的话，10秒看完我数了[憨笑],0,7549791357377334538
109641179631,四个孩子的奶奶,2025.10.08,河南,我用手机在家三倍速,0,7549791357377334538
301696744171758,毅念,2025.10.08,重庆,提前看过,0,7549791357377334538
2705239271813502,“困困鱼🐟”,2025.10.08,河北,[666][666][666],0,7549791357377334538
740425573599484,柒柒酱,2025.10.11,河南,我中间只看见一个根深蒂固。,0,7549791357377334538
2201668864711924,萧辰,2025.10.08,湖南,我感觉没看,0,7549791357377334538
104247126301,紫依,2025.10.08,陕西,这对吗,0,7549791357377334538
2867948660982531,♥萌一萌♥,2025.10.08,北京,,0,7549791357377334538
96339562203,踣之,2025.10.08,四川,我直接520x3倍速直接秒了[黑脸],0,7549791357377334538
2892155720055484,以前“我没有朋友，但是我有娘”,2025.10.08,河北,"以前“我没有朋友，但是我有娘”
现在“我有朋友，但我没有了娘”",3,7549791357377334538
3601616584843499,珠光,2025.10.08,广东,那我用三倍数的话，不就是1560倍,0,7549791357377334538
4111790458278269,洁儿,2025.10.08,陕西,主播能不能放慢点？求求你了，求求你了，求求你了，求求你了，求求你了，求求你了，求求你了，你放慢点吧，求求你了，求求你了，求求你放慢点啊。,0,7549791357377334538
1099938802176659,和平精英名字:贝亚大皇666,2025.10.08,内蒙古,请问阁下我这是多少倍,2,7549791357377334538
1931205574144799,DDD......,2025.10.08,河北,根深蒂固,0,7549791357377334538
448194572714507,挽巷,2025.10.08,山东,,0,7549791357377334538
1245119092374843,开心最好,2025.10.08,安徽,666,0,7549791357377334538
119216781657399,目标,2025.10.08,河南,,1,7549791357377334538
3368530966480232,辽宁圹…好,2025.10.08,河南,开三倍速试试,0,7549791357377334538
2878975279114634,我是魈的狗！,2025.10.08,吉林,[图片表情],0,7549791357377334538
1724485476290685,牛仔很忙,2025.10.08,江西,时间太长了吧,0,7549791357377334538
3632417042086376,¹悲伤𝙆𝙞𝙩𝙩𝙮猫/.,2025.10.08,山东,我不行了哈哈哈哈哈哈哈,0,7549791357377334538
263494943118590,薄祥亮,2025.10.08,山东,没这么慢,0,7549791357377334538
1060367183912280,不是，这是科技版。,2025.10.08,天津,有一段没了。,0,7549791357377334538
263494943118590,薄祥亮,2025.10.08,山东,没这么慢,0,7549791357377334538
740425573599484,柒柒酱,2025.10.11,河南,我中间只看见一个根深蒂固。,0,7549791357377334538
1060367183912280,不是，这是科技版。,2025.10.08,天津,有一段没了。,0,7549791357377334538
1645300722183517,小马🐎,2025.10.08,湖北,§,0,7549791357377334538
2830595242079492,ㅛㅕ,2025.10.08,湖北,一辈子一截就是这臭水蜜桃,0,7549791357377334538
569993660471060,🎵,2025.10.08,山东,[图片表情],0,7549791357377334538
1330871282705572,泪,2025.10.08,湖北,再乘三倍[躺平],0,7549791357377334538
104802037221,此号被注销,2025.10.08,内蒙古,我在520倍速上叠加了三倍速现在是，1560倍速,0,7549791357377334538
1082340377628112,祈年,2025.10.08,河北,@♛ 这样就能看完啦[图片表情],1,7549791357377334538
184369129459084,蛋仔骨绵呀,2025.10.08,河南,[呲牙],0,7549791357377334538
855858625658083,拾忆*,2025.10.08,甘肃,囊囊囊[猪头],0,7549791357377334538
108671227964,霸气过头,2025.10.08,吉林,@[图片表情],0,7549791357377334538
2940547972474920,困在回忆里,2025.10.08,河南,谁能截到哪吒破鼎那个照片那你真的是这个[赞][憨笑],0,7549791357377334538
2953748263997130,不知道,2025.10.08,山西,1560倍的太好看了[机智],0,7549791357377334538
3490271309871507,池郁.,2025.10.08,河南,我避 他锋芒？,0,7549791357377334538
3090053475338464,绘画大师,2025.10.08,吉林,换成三倍，笑死我了,0,7549791357377334538
4453496029983448,结冰的誓言,2025.10.08,辽宁,慢放一百倍就全是图片了,4,7549791357377334538
2032313330836335,在不在不在,2025.10.08,河北,[图片表情],1,7549791357377334538
2104940955969785,逝岸,2025.10.08,江西,根深蒂固[钱],0,7549791357377334538
2390797998642986,下雨天,2025.10.08,广东,不敢眨眼睛[图片表情],0,7549791357377334538
914387476425774,春天杀了,2025.10.08,福建,观后感太刀了。,0,7549791357377334538
740425573599484,柒柒酱,2025.10.11,河南,我中间只看见一个根深蒂固。,0,7549791357377334538
2447989942517948,86425,2025.10.08,广东,爽！哪吒2就是好看！,0,7549791357377334538
3360528796230015,🐉龙上缘🐉,2025.10.08,天津,[微笑],0,7549791357377334538
92017519931,信.,2025.10.08,山东,[图片表情],0,7549791357377334538
3314367994530155,1289,2025.10.08,河南,@[看],1,7549791357377334538
4048828092652804,哒酚琦,2025.10.07,江苏,有这个片段吗[微笑],3,7549791357377334538
3371519325009831,贝利亚,2025.10.07,吉林,,1,7549791357377334538
1670902362943758,白荼,2025.10.07,江苏,行[抱抱你],2,7549791357377334538
3010937043564188,艾拉古城,2025.10.07,安徽,那我要再长按屏幕呢[看],0,7549791357377334538
109596111334,5.00am,2025.10.07,山东,完了眨一眼都跟不上,1,7549791357377334538
1099110619810493,单,2025.10.07,广西,哪吒2我去电影院看完了,0,7549791357377334538
657973765742651,79483564767,2025.10.07,广东,谁懂啊？这他520倍速拿你再加个三倍速是什么体验？,0,7549791357377334538
3428710781818713,咖啡豆的小稻米Amy哈迷爱吃曲琦,2025.10.07,湖北,看了又好像没看[捂脸],1,7549791357377334538
1672801145065371,苏郁,2025.10.07,湖南,[666][666][666],0,7549791357377334538
335798681733488,浩 轩,2025.10.07,甘肃,扎个眼的功夫就看了3分之一[捂脸],1,7549791357377334538
3098874138341517,枭,2025.10.07,河北,你好,0,7549791357377334538
457873991932397,0585,2025.10.07,江西,用三倍速开的话 没有什么变化,0,7549791357377334538
4177754606535456,wytandsx,2025.10.07,重庆,6,0,7549791357377334538
741546001464228,灰太狼大王万岁         🇻,2025.10.07,河南,三倍用1500倍速看的,1,7549791357377334538
1082340377628112,祈年,2025.10.08,河北,@♛ 这样就能看完啦[图片表情],1,7549791357377334538
740425573599484,柒柒酱,2025.10.11,河南,我中间只看见一个根深蒂固。,0,7549791357377334538
2940547972474920,困在回忆里,2025.10.08,河南,谁能截到哪吒破鼎那个照片那你真的是这个[赞][憨笑],0,7549791357377334538
2953748263997130,不知道,2025.10.08,山西,1560倍的太好看了[机智],0,7549791357377334538
3490271309871507,池郁.,2025.10.08,河南,我避 他锋芒？,0,7549791357377334538
3090053475338464,绘画大师,2025.10.08,吉林,换成三倍，笑死我了,0,7549791357377334538
4453496029983448,结冰的誓言,2025.10.08,辽宁,慢放一百倍就全是图片了,4,7549791357377334538
108671227964,霸气过头,2025.10.08,吉林,@[图片表情],0,7549791357377334538
2104940955969785,逝岸,2025.10.08,江西,根深蒂固[钱],0,7549791357377334538
2817427331091324,CaeSar,2025.10.08,新疆,感觉这个都没有作者快呀,1,7549791357377334538
1937790561160839,小时,2025.10.08,广东,[捂脸],0,7549791357377334538
82675401443,食铁兽,2025.10.08,辽宁,有点想哕[吐],0,7549791357377334538
914387476425774,春天杀了,2025.10.08,福建,观后感太刀了。,0,7549791357377334538
2390797998642986,下雨天,2025.10.08,广东,不敢眨眼睛[图片表情],0,7549791357377334538
3276963426076392,夕,2025.10.08,河南,520倍，也就是一秒等于520秒，也就是8分多钟,0,7549791357377334538
2447989942517948,86425,2025.10.08,广东,爽！哪吒2就是好看！,0,7549791357377334538
3360528796230015,🐉龙上缘🐉,2025.10.08,天津,[微笑],0,7549791357377334538
67631319970,竹一一,2025.10.08,四川,跟一个,1,7549791357377334538
3314367994530155,1289,2025.10.08,河南,@[看],1,7549791357377334538
4048828092652804,哒酚琦,2025.10.07,江苏,有这个片段吗[微笑],3,7549791357377334538
3010937043564188,艾拉古城,2025.10.07,安徽,那我要再长按屏幕呢[看],0,7549791357377334538
740425573599484,柒柒酱,2025.10.11,河南,我中间只看见一个根深蒂固。,0,7549791357377334538
1657702858367067,往后余生都好,2025.10.07,山东,what's this?,0,7549791357377334538
109596111334,5.00am,2025.10.07,山东,完了眨一眼都跟不上,1,7549791357377334538
1099110619810493,单,2025.10.07,广西,哪吒2我去电影院看完了,0,7549791357377334538
657973765742651,79483564767,2025.10.07,广东,谁懂啊？这他520倍速拿你再加个三倍速是什么体验？,0,7549791357377334538
2032313330836335,在不在不在,2025.10.08,河北,[图片表情],1,7549791357377334538
3428710781818713,咖啡豆的小稻米Amy哈迷爱吃曲琦,2025.10.07,湖北,看了又好像没看[捂脸],1,7549791357377334538
1672801145065371,苏郁,2025.10.07,湖南,[666][666][666],0,7549791357377334538
335798681733488,浩 轩,2025.10.07,甘肃,扎个眼的功夫就看了3分之一[捂脸],1,7549791357377334538
3098874138341517,枭,2025.10.07,河北,你好,0,7549791357377334538
457873991932397,0585,2025.10.07,江西,用三倍速开的话 没有什么变化,0,7549791357377334538
4177754606535456,wytandsx,2025.10.07,重庆,6,0,7549791357377334538
741546001464228,灰太狼大王万岁         🇻,2025.10.07,河南,三倍用1500倍速看的,1,7549791357377334538
2735193958908221,归来,2025.10.07,辽宁,你们截到的是哪一个画面呢？[憨笑],2,7549791357377334538
1563946344254084,用户174144007321,2025.10.07,河南,,3,7549791357377334538
457001954716686,🐾,2025.10.07,河北,一秒进黑夜模式啊,0,7549791357377334538
4258821773731035,繁星幽梦,2025.10.07,江西,@Dime 请你看哪吒2,1,7549791357377334538
2881189600309939,下雨,2025.10.07,江西,老鼠叫,0,7549791357377334538
3496045897325528,酒空人已醉,2025.10.07,四川,？？？？,0,7549791357377334538
974610019134761,轩哥,2025.10.07,湖南,这个放慢你就可以看哪咤2还是免费的勒。,1,7549791357377334538
740425573599484,柒柒酱,2025.10.11,河南,我中间只看见一个根深蒂固。,0,7549791357377334538
92604819970,甜蜜蜂蜜,2025.10.07,北京,如果 在二倍快进的话会怎么样？变成1040倍速。,1,7549791357377334538
587586240251065,性感公蟑螂,2025.10.07,四川,666眨下眼睛大结局了，,2,7549791357377334538
303111171480947,突破自己，未来可期,2025.10.07,河北,@,0,7549791357377334538
108210731674,遥远的救世主,2025.10.07,上海,"下次能开1,000,000,000,000倍速看城塘观吗？",0,7549791357377334538
4347889145362125,哪嘟通,2025.10.07,湖南,[666][666][666],0,7549791357377334538
92017519931,信.,2025.10.08,山东,[图片表情],0,7549791357377334538
2502915293199575,ying,2025.10.07,广西,再用一下二倍速。,0,7549791357377334538
51477377347,樱桃大丸子,2025.10.07,湖南,520倍速看哪咤2再开三倍速,0,7549791357377334538
3745398439554665,不迷路,2025.10.07,四川,随手一截看到了谁的丑照？,0,7549791357377334538
2698660853326410,用户2326979662013,2025.10.07,河北,好慢啊。再快点行不啊？,1,7549791357377334538
1280289596515488,叶凡(三角洲跑刀),2025.10.07,广西,你等我捋一下,0,7549791357377334538
2625263671985998,∴′,2025.10.07,安徽,正确来讲只要几秒。,0,7549791357377334538
99416061411,夜猫子@,2025.10.07,广东,这就是1400倍吗？,0,7549791357377334538
1622514215688220,思琪奶奶,2025.10.07,安徽,啥也没听见，只听见呱啦呱啦的声音,2,7549791357377334538
98160861069,FURY,2025.10.07,广东,开了个三倍，速更快了,0,7549791357377334538
967991494448959,最熟悉的陌生人,2025.10.07,江苏,我还加了两倍数[捂脸],0,7549791357377334538
2446851642235796,exclusive,2025.10.07,江西,我再加一个两倍数呢[捂脸],0,7549791357377334538
3650829042846750,砵兰街街道办,2025.10.07,广东,是谁敢？ 调到3．x,0,7549791357377334538
740425573599484,柒柒酱,2025.10.11,河南,我中间只看见一个根深蒂固。,0,7549791357377334538
1883904525994712,不会困,2025.10.07,重庆,有……有点快了吧[图片表情],0,7549791357377334538
99033818799,XYIL,2025.10.07,湖北,快也没用[憨笑],3,7549791357377334538
2663477228871280,罗兰罗朗德,2025.10.07,河南,那我再来一个二倍。1040倍！,0,7549791357377334538
4248165886465112,^Beautyの妤蒽^💤,2025.10.07,河南,[钱],2,7549791357377334538
7472360159096882236,行可以,2025.10.07,河南,二倍速就是一千零四十倍速，所以我是一千零四十倍速看完的[捂脸],0,7549791357377334538
98680520280,@你,2025.10.07,江西,谁能帮我剪一下？,1,7549791357377334538
93301115219,上雕的蛋仔日常,2025.10.07,安徽,[图片表情],0,7549791357377334538
1139541595391182,记录明夜浪漫,2025.10.07,江西,谁懂我还按着倍速不松手,0,7549791357377334538
664554606169831,落阳,2025.10.07,河北,我调成慢速，是不是就能看全片了？,2,7549791357377334538
1744242035931486,泪碎,2025.10.07,广东,开三倍更快。,0,7549791357377334538
1785209230986860,用户7893124512235,2025.10.07,江西,我看完了，再快一点,0,7549791357377334538
98052132764,一壶 老酒,2025.10.07,湖南,啊。,0,7549791357377334538
1280289596515488,叶凡(三角洲跑刀),2025.10.07,广西,勉强看得清 但脑子有点乱乱的,0,7549791357377334538
4169805672746030,张雪凤🇨🇳,2025.10.07,江西,520加三倍速是一种什么样的体验[图片表情],0,7549791357377334538
111176169946,宇智波佐助［须助能乎］,2025.10.07,河南,看明白了居然，还是太慢了老铁,0,7549791357377334538
3046104490051227,佰冥,2025.10.07,贵州,好像啥都看到了好像啥都没看到,0,7549791357377334538
247843010649292,涵宝,2025.10.07,广东,我眼瞎了,0,7549791357377334538
3116488248795544,阗寒,2025.10.07,河南,不好意思，我是1040,0,7549791357377334538
80190899249,、  浩贤  、,2025.10.07,河南,谢谢主播[图片表情],0,7549791357377334538
740425573599484,柒柒酱,2025.10.11,河南,我中间只看见一个根深蒂固。,0,7549791357377334538
593368150982460,独角兽的日常,2025.10.07,广西,,0,7549791357377334538
1191503123719771,张茜妮,2025.10.07,河北,你们为什么点赞？,0,7549791357377334538
4328113474649646,我是小艾呀,2025.10.07,陕西,啊想起来了，我全想起来了,0,7549791357377334538
4229153525599731,捣蛋鬼,2025.10.07,浙江,想要1314倍速,0,7549791357377334538
1996368240183176,用户9258444784833,2025.10.07,山东,,0,7549791357377334538
295105616413407,໑ຼₒ₂₄ღ᭄吴🕊꧔ꦿ᭄💞,2025.10.07,湖北,之前看了一个老鼠叫，然后又看到了一个哪吒版老鼠叫,1,7549791357377334538
294259932543534,安少,2025.10.07,广西,六,0,7549791357377334538
102916492874,……,2025.10.07,山东,那我看520遍，不就相当于看了完整版吗？,0,7549791357377334538
105448159968,洲洲,2025.10.07,山东,可以看完整版了,0,7549791357377334538
99965449180,蚊子,2025.10.07,福建,为什么这么慢？(・◇・),4,7549791357377334538
105413824190,嘟嘟嘟嘟,2025.10.07,江苏,,1,7549791357377334538
376490616689843,为什么不出爱丽丝！,2025.10.07,河北,还不够快,1,7549791357377334538
105714970239,水豚汉堡包（有时候不在线）,2025.10.07,广西,如果我再给你加个二倍速呢？,1,7549791357377334538
2840737471800836,用户2303736182182,2025.10.07,湖南,看完还有一些。,1,7549791357377334538
3164837899939840,离尽春,2025.10.07,陕西,魔丸啊,1,7549791357377334538
4092847346957440,汄泽,2025.10.06,广西,聪明人都开倍速[捂脸][赞],1,7549791357377334538
71626226955,希拉伦丁·维尔斯,2025.10.06,辽宁,有这么抽象的镜头吗？,1,7549791357377334538
58733199901,爱羽雅,2025.10.06,湖北,如果我放慢520倍免费看哪吒二你又会如何应对？,1,7549791357377334538
69262467915,拆-小南风,2025.10.06,北京,一个不小心就截到了[杀马特],7,7549791357377334538
740425573599484,柒柒酱,2025.10.11,河南,我中间只看见一个根深蒂固。,0,7549791357377334538
7397093590733751353,和平精英蛋牛,2025.10.06,陕西,太慢了,1,7549791357377334538
4296520871453419,琳姐姐的软装宝典,2025.10.06,云南,再调成三倍。,1,7549791357377334538
2652475231316158,小唧唧,2025.10.06,河北,一下直接截到破鼎,1,7549791357377334538
105474773941,山高水长,2025.10.06,河北,时间过得真快，没到10秒钟了，已经看完一遍哪咤了。,2,7549791357377334538
83773434924,why？,2025.10.06,黑龙江,随手,1,7549791357377334538
4190956687729764,库洛米。,2025.10.06,湖北,眨一下眼睛里不知道会错过多少片,2,7549791357377334538
105448159968,洲洲,2025.10.07,山东,那你就看富520倍数,0,7549791357377334538
4110446880634512,用户4604476767686,2025.10.06,湖南,此时再加上2倍速,5,7549791357377334538
3878701280791662,泰莉,2025.10.06,安徽,那我再加大两倍，速不就是10400倍了吗？,3,7549791357377334538
2852548087136131,开凿酷尼,2025.10.06,青海,这是二刷吗？我的大脑好疼,1,7549791357377334538
101387852421,Vivi369,2025.10.06,山东,我1560倍看,4,7549791357377334538
102582358146,雷威功,2025.10.06,青海,6,1,7549791357377334538
2570006840489847,微风聊动漫,2025.10.06,浙江,最慢的是倒计时[玉兔],1,7549791357377334538
99588852032,是夏夏啊~,2025.10.06,福建,我慢放520倍，你不炸了吗？,3,7549791357377334538
51623945030,៚᭄余ॣ生🍓࿐ᩚ,2025.10.06,江苏,我还开了倍速,1,7549791357377334538
1823440103278891,🫧 F～T☆,2025.10.06,江苏,太慢了,1,7549791357377334538
105510550426,王者荣耀我...,2025.10.06,河南,我又开了个三倍速。,1,7549791357377334538
2925123657533347,赫赫,2025.10.06,上海,再开三倍速屏幕都反应不过来,1,7549791357377334538
3069442572432808,❄️,2025.10.06,河北,嗯对二刷了,3,7549791357377334538
740425573599484,柒柒酱,2025.10.11,河南,我中间只看见一个根深蒂固。,0,7549791357377334538
2994700128616556,不玩王 等 15.6w人,2025.10.06,湖北,那我要是放慢520倍是不是相当于看了一集哪吒[思考],2,7549791357377334538
3038704843623896,黎初,2025.10.06,河南,再加上自己的3倍呢,1,7549791357377334538
2049911994202336,지겹다.,2025.10.06,贵州,还是太慢了，下次能不能弄一个1314倍[呲牙],4,7549791357377334538
959193549903208,向阳予谦,2025.10.06,山东,,13,7549791357377334538
2564523815081342,沐曦,2025.10.06,河南,如果再开倍速呢,3,7549791357377334538
3116439377807982,槲,2025.10.06,广东,那我买的电影票可以退吗,2,7549791357377334538
3795936972645006,小鱼感,2025.10.06,新疆,我长按就是1040倍[捂脸][捂脸][捂脸][捂脸][图片表情],2,7549791357377334538
95988136009,烟花易泠.,2025.10.06,河南,@FilW²⁵ 太好看了,1,7549791357377334538
69883974296,彦章空间设计,2025.10.06,内蒙古,截到这里就很难过,1,7549791357377334538
3582627850229491,<>,2025.10.06,安徽,我不行了[抱抱你],3,7549791357377334538
3175842530210323,我爱吃白马,2025.10.05,陕西,太慢了 我再开个3倍,1,7549791357377334538
466669098764157,007柒,2025.10.05,四川,其实是1040倍速,1,7549791357377334538
4072195532535248,咩,2025.10.06,重庆,[图片表情],1,7549791357377334538
610980094021291,用户9831345022083,2025.10.05,河北,现在我也是看过哪吒二的人了[捂脸][捂脸],1,7549791357377334538
1412239571289283,希特乐,2025.10.05,山东,根深蒂固,2,7549791357377334538
4296517873312083,😊😊,2025.10.05,贵州,放满520倍，是不是可以看到完整版？[尬笑][尬笑][尬笑],3,7549791357377334538
3150521713044858,卡密,2025.10.05,河北,一小时可以看几遍[尬笑][尬笑][尬笑],2,7549791357377334538
2217035128650731,莉莉,2025.10.05,四川,感觉一瞬间看到了好多重要的信息,1,7549791357377334538
740425573599484,柒柒酱,2025.10.11,河南,我中间只看见一个根深蒂固。,0,7549791357377334538
100273428314,菇凉,2025.10.05,江苏,你再开个三倍速,1,7549791357377334538
580175041668024,bb.,2025.10.05,河北,en,4,7549791357377334538
1719233729268119,4.05,2025.10.05,河北,[看],11,7549791357377334538
2856976348620364,爱吃小鱼干,2025.10.05,河南,如果我开三倍速，那不就是[憨笑],4,7549791357377334538
3115355191906567,雨恋,2025.10.05,重庆,再加个三倍速呢[抠鼻],1,7549791357377334538
1939995205575790,夏雨真芙了,2025.10.05,江苏,根深蒂固！,2,7549791357377334538
1585962677713111,酔快.,2025.10.05,河北,再乘个二才舒服,1,7549791357377334538
3859758734392640,青山独归远,2025.10.05,河南,这个视频放慢520倍就能看原片了[贴贴],5,7549791357377334538
100380379482,野鸭子,2025.10.05,四川,眨个眼就演完了[微笑],1,7549791357377334538
748096036022654,渔推,2025.10.05,山西,你生来便是魔丸。。。,2,7549791357377334538
1891591339643576,这是好事啊～,2025.10.05,日本,现在1040倍速了[看],3,7549791357377334538
1997177733255928,是羽不是少羽,2025.10.05,福建,那我三倍速，岂不是1500多？,4,7549791357377334538
941650759132221,萝波pp,2025.10.05,湖北,太精彩了就是有亿些细节没看明白[玫瑰],4,7549791357377334538
2696418654959800,ydfjr,2025.10.05,福建,那是不是只要把这个视频放慢520倍？那是不是就可以免费看哪吒二？,2,7549791357377334538
556769006593904,Afr,2025.10.05,湖北,中大奖了,1,7549791357377334538
2311633199197308,轻绘梨衣泪沾衣,2025.10.05,山东,看看我截到了什么[憨笑],7,7549791357377334538
2277781221410190,春浩,2025.10.05,山东,没偷摸骂我两句吧[抱抱你],1,7549791357377334538
3349554147894820,十 七,2025.10.05,安徽,中间放个片都没人知道,5,7549791357377334538
789900907263155,止弦,2025.10.05,湖南,@礼 好看,1,7549791357377334538
740425573599484,柒柒酱,2025.10.11,河南,我中间只看见一个根深蒂固。,0,7549791357377334538
972417292839501,孤单的人,2025.10.05,广西,1560倍看,1,7549791357377334538
3430093174872168,এᝰꫛ一铭三金ღ,2025.10.05,河北,我是1560倍看的,2,7549791357377334538
2628258475024548,青芙,2025.10.05,江西,好的，我也是看过哪吒二的人了[得意],3,7549791357377334538
3610439195300792,reply-W,2025.10.05,内蒙古,,1,7549791357377334538
3167007598711296,用户8112515965638,2025.10.05,新疆,你说如果我把这个视频放慢520倍，是不是就可以免费看哪吒,2,7549791357377334538
3913877036476007,人,2025.10.05,广西,那我再加快乘二呢,1,7549791357377334538
3431995477338932,万事通,2025.10.05,广东,倒放20秒[图片表情],1,7549791357377334538
4477637747551032,两只老虎,2025.10.05,河南,一秒多少帧，听着有点像得吃小曲,1,7549791357377334538
1151887230369838,☄️,2025.10.05,湖南,买了 孩子很喜欢吃[憨笑],1,7549791357377334538
3861963181929917,不艾跑步,2025.10.05,湖南,家人们，我终于看完了哪吒了,2,7549791357377334538
748096036022654,渔推,2025.10.05,山西,。。。聪明[微笑],2,7549791357377334538
2362202059713006,折花,2025.10.05,云南,[呲牙],2,7549791357377334538
1064804623858302,啵对蛋,2025.10.05,湖南,眨一下眼，半小时没了[憨笑][赞][图片表情],5,7549791357377334538
88440797144999,师,2025.10.05,江苏,在三倍，这不就，1600,1,7549791357377334538
2663457422841595,C^,2025.10.05,云南,嗯对 就是随便暂停了一下[微笑],7,7549791357377334538
3954256654375052,冬,2025.10.05,四川,我在来个加速你不炸了吗,1,7549791357377334538
9275115057262,什么,2025.10.05,江西,慢了[憨笑][憨笑],1,7549791357377334538
2087337430367913,雨卿(回不了私信痛苦板),2025.10.05,广东,字幕里就看到一个根深蒂固[抱抱你][你不大行],4,7549791357377334538
4037036955152903,油炸手机壳,2025.10.05,安徽,大致看懂了,1,7549791357377334538
740425573599484,柒柒酱,2025.10.11,河南,我中间只看见一个根深蒂固。,0,7549791357377334538
1374832280221059,人生邪,2025.10.04,广西,有意思,1,7549791357377334538
1621107841182877,予与光同尘,2025.10.04,河北,我直接再开二倍速，1040倍速看,1,7549791357377334538
4172019674123911,z繁花似锦,2025.10.04,四川,太好了，我也是看过哪吒二的人了[呲牙],2,7549791357377334538
1924593757723354,Cx330,2025.10.04,山东,那我再二倍加速你不炸了[图片表情],1,7549791357377334538
1198919652226851,1000,2025.10.04,宁夏,其实还能1040倍。,2,7549791357377334538
2884773494918184,꒰ঌ荔枝໒꒱,2025.10.04,重庆,我已经看过114514倍的了[愉快],1,7549791357377334538
4035643690200905,企鹅,2025.10.05,湖南,32倍！,2,7549791357377334538
104396422195,笑爸,2025.10.04,江西,[憨笑]？,1,7549791357377334538
877885754193164,急了！,2025.10.04,广西,,3,7549791357377334538
233526036807191,白。,2025.10.04,四川,随手一截[捂脸],3,7549791357377334538
3679421023651374,可恶小伙伴,2025.10.04,陕西,还吃！,2,7549791357377334538
1802793630315227,你明明你,2025.10.04,河北,我放慢520倍呢[憨笑],3,7549791357377334538
886684902785804,白树（智博托管）,2025.10.04,福建,换成三倍数更快了,1,7549791357377334538
1484795458357609,LLY,2025.10.04,云南,那我开两倍数是不是一千多倍了[看],4,7549791357377334538
237935521442333,龷,2025.10.04,浙江,真慢,1,7549791357377334538
457869975629879,扣税国王,2025.10.04,甘肃,啊，大脑好疼呀，好像有什么东西步入了我的脑中,1,7549791357377334538
270893997888699,Esme👀,2025.10.04,四川,在用手机开三倍速[捂脸],2,7549791357377334538
54348731395531,哥哥叫大朗,2025.10.04,安徽,好像看了，又好像什么都没看,2,7549791357377334538
3052669161443486,，，，，，，，，，，，，，，，，，，，，,2025.10.04,山东,这其实是好几百张图片组成的。,1,7549791357377334538
740425573599484,柒柒酱,2025.10.11,河南,我中间只看见一个根深蒂固。,0,7549791357377334538
3211050022873943,⦁茉莉雨,2025.10.04,重庆,,2,7549791357377334538
1273660178181754,断连中,2025.10.04,陕西,[捂脸]没用,3,7549791357377334538
97221673703,水利万物,2025.10.04,天津,,2,7549791357377334538
2151069726021640,鲜葱,2025.10.04,江苏,嗯没看清楚[黄脸干杯],2,7549791357377334538
2229455120246264,我的世界,2025.10.04,浙江,的3倍数直接变成闪电侠了,1,7549791357377334538
211533695562237,@迟早,2025.10.04,陕西,好消息23秒看完哪吒,2,7549791357377334538
2194234358105900,不知道,2025.10.04,山东,我要体验523倍速直接开三倍速[玉兔],1,7549791357377334538
78765673942680,念OvO,2025.10.04,江西,不敢眨眼[憨笑],1,7549791357377334538
86470711471,欢欢猕猴桃,2025.10.04,广东,只能看到重要细节,1,7549791357377334538
198329918569575,没天赋的红烧肉e,2025.10.04,广东,脑子好奇怪，感觉有什么东西一闪而过[杀马特],1,7549791357377334538
1779443328096043,iZ-29,2025.10.04,河北,哈哈如何[看],2,7549791357377334538
1248647178100631,琳（二木什么时候让我进群T^T）,2025.10.04,湖北,[憨笑],2,7549791357377334538
300638628756996,猫猫,2025.10.03,广东,我要是放慢520倍是不是就是原片了？,5,7549791357377334538
2630507098018638,无民,2025.10.03,湖南,我直接再来一个三倍速,5,7549791357377334538
66951864697,or.,2025.10.03,四川,@橙乔巧 请你看哪吒,1,7549791357377334538
4170906807833415,杜老大,2025.10.03,山东,[666][666][666][666][666][666][666][666][666][666][666][666][666][666][666][666][666][666][666][666][666][666][666][666][666][666][666][666][666][666][666][666][666][666][666][666][666][666][666][666][666][666][666][666][666][666][666][666][666][666][666][666][666][666][666][666][666][666][666][666][666][666][666][666][666][666][捂脸][玫瑰][赞],1,7549791357377334538
3019720181154452,泽岁,2025.10.03,河北,,2,7549791357377334538
4323988359,哈努克娜,2025.10.03,河南,然后我自己又开了个三倍速，眼睛都给我闪花了。,1,7549791357377334538
3329781597209399,不在,2025.10.03,广西,@忆昔゛ @冬眠的狐狸 @萧河 @千羽. @薚 @星辰 我也是看过的人了,1,7549791357377334538
740425573599484,柒柒酱,2025.10.11,河南,我中间只看见一个根深蒂固。,0,7549791357377334538
4243761973699844,茂林修竹,2025.10.03,河南,终于截到了[流泪][流泪][流泪],3,7549791357377334538
2025733278664603,逃～,2025.10.03,四川,敢说你是一帧一帧放的[发怒],1,7549791357377334538
3183791391128028,不忘初心,2025.10.03,山东,但3倍速是个好东西,2,7549791357377334538
2057939737650620,薆,2025.10.03,山东,那如果我,8,7549791357377334538
3689600856897598,陈子爱吃橙子🍊,2025.10.03,浙江,那我要再开个二倍速你不炸了吗？,1,7549791357377334538
703330112777437,莹莹🎨,2025.10.03,湖南,,1,7549791357377334538
1182713148353246,小涵,2025.10.03,浙江,其实就是几张图吧[呲牙],2,7549791357377334538
3338545298681758,十三太保,2025.10.03,山东,不是，就是掺了片也看不出来,4,7549791357377334538
1416588530563748,暖色度余生静,2025.10.03,江苏,默默开启三倍速的我笑了。,2,7549791357377334538
4264385645119523,￴￴￴ ￴￴￴,2025.10.03,四川,中间发片都没人发现,3,7549791357377334538
2082910345105924,大义,2025.10.03,广东,再加一个 3.0~(¯▽¯~)~,1,7549791357377334538
561216969509808,菲菲,2025.10.03,辽宁,,3,7549791357377334538
527367940879838,你不懂说的听,2025.10.03,江西,,1,7549791357377334538
7497977998601421884,守望·终极,2025.10.03,河北,是我卡了吗？衣服怎么没加载出来？,29,7549791357377334538
426257843233575,我和钱双向奔赴,2025.10.03,山西,其实看这个我也是用倍速看的[憨笑][赞],1,7549791357377334538
3477119835315812,柒烬Might,2025.10.03,广西,咋这么慢呢，能不能快点，急死我了[微笑],2,7549791357377334538
2654653752805571,麟榀,2025.10.03,福建,再加3倍！,5,7549791357377334538
94291576014,呓语,2025.10.03,浙江,根深蒂固,1,7549791357377334538
1018622552844395,秋啾啾,2025.10.03,浙江,谁能截到根深蒂固那一幕[躺平],16,7549791357377334538
740425573599484,柒柒酱,2025.10.11,河南,我中间只看见一个根深蒂固。,0,7549791357377334538
4415272421961806,菁星辰,2025.10.03,河南,还不够快,1,7549791357377334538
3837710557517320,小宋呀,2025.10.03,湖北,截到了[流泪],2,7549791357377334538
961406823830075,海绵,2025.10.03,广西,用0.75倍可以看的到片[抱抱你][抱抱你],16,7549791357377334538
1559576899755088,烟草,2025.10.03,河南,就上个厕所的功夫就看完了吗？,3,7549791357377334538
3272611712730685,立刻有,2025.10.03,广东,删减了,2,7549791357377334538
110677035089,ZHI,2025.10.03,四川,真是惬意看完一部电影[憨笑],5,7549791357377334538
235716127494668,下辈子当少爷,2025.10.03,湖南,,2,7549791357377334538
3619240324892680,小气鬼,2025.10.03,四川,那我再开个3倍速你应该如何应对？,1,7549791357377334538
93580636486,🥳,2025.10.03,河南,问你呢[黑脸],6,7549791357377334538
2700002379972235,遗忘者,2025.10.03,辽宁,我又加了三倍[捂脸],1,7549791357377334538
2236867776873979,福袋,2025.10.03,河南,第一次截屏[微笑],30,7549791357377334538
2306128471447552,欧,2025.10.03,湖南,"同学问我看了
哪吒2吗？我说我花了一分钟不到看完了。",21,7549791357377334538
2516137993831968,横亨恒,2025.10.03,山东,最难熬的23秒,1,7549791357377334538
589814476584397,你的羽晨,2025.10.03,福建,[图片表情],1,7549791357377334538
3918270025959572,绿宝宝,2025.10.03,江苏,给你加了成2,1,7549791357377334538
2210482781947977,知奕.,2025.10.03,陕西,这么高质的视频你们必须看看@JoJo @lllYYYttt @阿根猫 @自由飞翔的猫 @31fhx @qwert @某某 @薄^荷^ @@iceockdisease_ @怜亓悲观的心 @PeiPei @咪了个轩轩轩 @Mincatear𖤣𖥧𖥣🍀 @Yjx @梦回古韵,1,7549791357377334538
100386008977,薯鼠^O^,2025.10.03,江西,不是23秒啊,3,7549791357377334538
4419668921549796,NINYIᥫᩣ,2025.10.03,广西,只看清了根深蒂固[黑脸],3,7549791357377334538
2716259336328124,铭ᶜʲᵐ,2025.10.03,广东,二刷,2,7549791357377334538
740425573599484,柒柒酱,2025.10.11,河南,我中间只看见一个根深蒂固。,0,7549791357377334538
971621765233949,沈阳鑫丰顺汽配,2025.10.03,辽宁,如果现在开三倍数更是决杀[憨笑][图片表情],3,7549791357377334538
1069182453294480,子夜,2025.10.03,安徽,我直接长按屏幕看1040倍的,51,7549791357377334538
92227685982,阿昭即正义,2025.10.03,河南,这次甘露的味道是啥[尬笑],18,7549791357377334538
290733904896397,23.6W人,2025.10.03,山东,那我再开个二倍数，岂不是1040倍了？,2,7549791357377334538
180734530428088,荷荷荷荷包蛋,2025.10.03,湖南,嗯对 根深蒂固[泣不成声][躺平],1,7549791357377334538
109450910866,听见雨声,2025.10.03,福建,？,2,7549791357377334538
2211815124120947,不太彳亍诶,2025.10.03,福建,我是1040倍速[图片表情],9,7549791357377334538
2359982358535240,斩晨叶,2025.10.03,重庆,我甚至看到了根深蒂固[杀马特][杀马特],1,7549791357377334538
4024655874637261,Lorvian,2025.10.03,广东,太…太快了…,25,7549791357377334538
4440265419662523,王者荣耀·梦豪,2025.10.03,贵州,人家花两小时，我花了22秒,3,7549791357377334538
580993786582452,chen,2025.10.03,安徽,,6,7549791357377334538
3737948482191128,何,2025.10.03,广西,严重怀疑作者只放了图片,8,7549791357377334538
104966100653,肥嘟嘟左卫门,2025.10.03,广西,那如果我再3倍数呢？[杀马特][图片表情],5,7549791357377334538
1352868733650026,陌陌,2025.10.03,浙江,在加自己的2倍速[右边][左边],5,7549791357377334538
7463838062909473852,赤羽天河,2025.10.03,陕西,我又开了个三倍速[呲牙],2,7549791357377334538
2656013564248324,黄金体验镇魂曲,2025.10.03,贵州,哥们，你是不是纯氧没吸够？[微笑][微笑][微笑],1,7549791357377334538
272278392406894,✨*✨,2025.10.03,河南,可以，以后看电影就找你了,1,7549791357377334538
2065334398620666,乾隆御赐青玉耳坠一对,2025.10.03,山东,看半天就看到个根深蒂固[黑脸],1,7549791357377334538
78749686406,喂喂SC,2025.10.10,江苏,袜子什么情况[图片表情],1,7559617997452725562
2997712460453283,忆往昔,2025.10.10,广西,2分钟前[舔屏][舔屏][舔屏],0,7559617997452725562
104012649669,断思.,2025.10.11,韩国,好活当赏[看][图片表情],0,7559617997452725562
388559198501696,琉璃の璀璨、,2025.10.10,山西,[图片表情],0,7559617997452725562
360241405630413,阿呸77,2025.10.10,河北,[比心][比心],0,7559617997452725562
325871943037191,呃呃呃,2025.10.11,湖北,感觉主播怼脸拍流量会好一点[图片表情],0,7559617997452725562
99240443645,宝宝宝宝宝宝宝宝,2025.10.10,河南,[玫瑰][玫瑰][玫瑰],0,7559617997452725562
107665873871,𒀱,2025.10.11,山东,女儿,0,7559617997452725562
87386012398,洗洗洗,2025.10.11,广东,[图片表情],0,7559617997452725562
3048267587523308,小左,2025.10.10,上海,MM,0,7559617997452725562
63392835601,凌晨,2025.10.10,广东,[图片表情],1,7559617997452725562
110599822697,秀荣,2025.10.10,陕西,[图片表情],0,7559516982565047610
4354528623725724,AAA建材晴总,2025.10.11,河南,,0,7559926101025623348
4248157045665592,杜·,2025.10.11,河北,幸福baby,2,7559810861942983936
94441267813,子硕,2025.10.11,河北,劲的,2,7559810861942983936
102938464260,小豆丁,2025.10.10,陕西,[看][看][看][看][爱心][爱心][爱心][爱心][爱心][爱心][爱心][爱心][看][看][看][看][看][看][看][抱抱你][抱抱你][抱抱你][举手][看][看],1,7559474363554467130
532580424486279,焦,2025.10.10,河北,[玫瑰][玫瑰][玫瑰],1,7559474363554467130
1578551614651357,星晴XQ,2025.10.10,广东,[图片表情],1,7559474363554467130
99374562684,宸哥,2025.10.11,福建,真的是很好的宝宝啊[爱心],0,7559945226057256232
1068326886317352,阿飞,2025.10.11,福建,顶🆙,0,7559945226057256232
3477099643672507,几分甜🍬（藕饼）,2025.10.11,广西,[送心]这样的（哪吒可爱的肉身）善良的丙丙更爱了,0,7559945226057256232
2179701732043632,无敌大王,2025.10.11,广东,真要调教你了半天登不上，电脑能登上[憨笑],0,7559817744025554217
2387775652369495,宝贝❄️🐰兜兜🌺瀀餹🍬🍬,2025.10.11,陕西,[玫瑰][玫瑰],0,7559817744025554217
99076512720,冇得救葛啦,2025.10.11,广东,没电话,0,7559817744025554217
3279156062468256,你管我呢,2025.10.11,福建,廖海嘉你又干啥呢,0,7559817744025554217
83894090137,［柒］,2025.10.11,广东,好喜欢,0,7559817744025554217
100883836994,001️⃣.,2025.10.11,广东,[图片表情],0,7559817744025554217
1797055087915443,别这样,2025.10.11,广西,[图片表情],0,7559973369275632937
3483682945900660,宅   .,2025.10.11,广西,二三张可以放真人的吗[黑脸],0,7559973369275632937
3632404024801886,爱十一,2025.10.10,河南,[666][666][666][666][666][666][666][666][666][666][666][666],0,7559255449384619316
104164795526,桃壹,2025.10.10,江苏,[玫瑰][玫瑰][玫瑰],0,7559544919572942130
106874150846,搞笑,2025.10.11,陕西,你穿不好看[疑问][疑问][疑问],0,7559592335866350886
105974158336477,开心668,2025.10.10,河北,[赞][赞][赞],0,7559296559873461563
773656552942999,Lit,2025.10.10,山西,用上自己喜欢的标签啦,0,7559296559873461563
78817489064237,永远不高尚,2025.10.10,河北,[赞][赞][赞],0,7559296559873461563
4490848935878431,予墨与廷,2025.10.11,江苏,嗯，确实没什么违和感。不愧是动漫最牛逼的国家。确实他们更懂怎么处理,0,7558926799431716135
86125725888,我不喝加糖咖啡,2025.10.11,江西,[玫瑰][玫瑰][玫瑰][玫瑰][玫瑰][爱心][爱心][爱心][爱心][爱心][比心][比心][比心][比心][比心][比心][求机位3][求机位3][求机位3][求机位3][求机位3][赞][赞][赞][赞][赞][赞],0,7558926799431716135
264297169559373,Hello悦悦,2025.10.11,河北,其他的呢[钱][钱],0,7559981589942406452
105320079350,ZOE YU,2025.10.11,河北,[图片表情],0,7559981589942406452
4415241971840207,🍔汉堡包包包包包包包,2025.10.11,山东,[图片表情],0,7559981589942406452
2322641382542908,涁,2025.10.11,山东,魔童,0,7559981589942406452
264297169559373,Hello悦悦,2025.10.11,河北,[图片表情],0,7559981589942406452
111188639241,德华猴子大王0301,2025.10.09,北京,眼睛这么大，这得有2.3米了？[戳手手],0,7559062419226545462
52522158167,哎呦喂,2025.10.10,北京,像苍蝇,0,7559062419226545462
4410853003371380,喵喵大王有九命,2025.10.09,山东,来个同城代打，加急[杀马特],0,7559062419226545462
92791419342,张无邪,2025.10.09,山东,狗贼,0,7559062419226545462
111491878941,墨斗不吃鱼,2025.10.09,山东,。。。。吓我一跳！,0,7559062419226545462
59319456505,Hanh,2025.10.09,山东,干嘛,0,7559062419226545462
17195668142,水泥半碗,2025.10.09,北京,不知道为啥刷到这个视角，我老想舔一下看看对方会不会躲开[黑脸][黑脸],0,7559062419226545462
145549864212574,用户6354476352594,2025.10.09,湖南,[图片表情],0,7559129727329602874
85759562918,AAA大运重卡副师傅（专跑高速）,2025.10.10,江西,你是要这么萌呗[猪头],0,7559137279701208355
3327597561257703,苦茶茶茶茶,2025.10.09,江西,第一张好萌[嘴唇],0,7559137279701208355
2155505045760471,少吃1口8,2025.10.09,河北,太萌,0,7559137279701208355
76197710932,一零,2025.10.09,江西,美萌美萌,0,7559137279701208355
74566619819,ayo,2025.10.09,江西,这是什么标签,0,7559137279701208355
100105680859,王八蛋.,2025.10.09,江西,[图片表情],0,7559137279701208355
2343794489428891,hhhhh,2025.10.09,江西,好米[色],0,7559137279701208355
68446415980,fire,2025.10.09,湖北,[图片表情],0,7559137279701208355
105465425936,🍊😊🥩,2025.10.09,江西,[图片表情],0,7559137279701208355
111095322801,🌙东,2025.10.11,内蒙古,[捂脸][赞]。,0,7559973170448420147
98887048750,今晚打老虎-,2025.10.11,内蒙古,开我,0,7559973170448420147
1824840230377448,麦香鱼鱼鱼Echo,2025.10.11,吉林,我要看我是哪吒,0,7559909427475991868
106072301205,千岛眠,2025.10.11,吉林,？,0,7559909427475991868
4054624617901086,85981166810,2025.10.11,河北,[666],0,7559754485381647651
2837159281965747,小佳忆,2025.10.11,吉林,[666],0,7559754485381647651
3026320707822840,Azizgul0101,2025.10.11,新疆,[666],0,7559754485381647651
75450234293,"Song""",2025.10.11,湖南,[愉快][愉快][愉快][愉快][愉快][愉快][愉快][愉快][愉快][愉快][愉快][愉快][愉快][愉快][愉快],0,7559754485381647651
2762394538879853,🐭 闹闹可真闹,2025.10.11,天津,[666],0,7559754485381647651
474623261298237,🍭糖小萌🍭,2025.10.11,江苏,[666][666][666][666][666][666],0,7559754485381647651
91938561059,キキ日语老师,2025.10.11,山西,[666][666][666][666][666][666],0,7559754485381647651
79154769335,🌈糖(ʘ̆ʚʘ̆)💨,2025.10.11,天津,@[666],0,7559754485381647651
3623607494263719,明天更好赵云先,2025.10.11,山东,[666][666][666][666],0,7559754485381647651
100377556682,馨,2025.10.11,江西,[666][666][666][666],0,7559754485381647651
1834426700406423,旺里旺气,2025.10.11,江苏,[杀马特][杀马特][抱抱你][抱抱你],0,7559754485381647651
3408095928124925,龙,2025.10.11,安徽,[杀马特],0,7559754485381647651
95171740027,篱開水的鱼,2025.10.11,安徽,[666][贴贴][玫瑰],0,7559754485381647651
93266281383,〢ヽ 颜 色,2025.10.11,河南,9999999,0,7559754485381647651
3273684549117835,乌冬冬冬冬,2025.10.11,广东,666666唧吒,0,7559867871112596762
655733950002959,涵涵,2025.10.11,山东,这个哪吒好帅 你喜欢谁 我喜欢和哪吒点赞的,0,7559867871112596762
79300514540,梦想成真qian,2025.10.11,河南,@敖丙一夫人。,0,7559867871112596762
2488909647578927,衡,2025.10.11,宁夏,[666][666][666][666][666][666][666][666][666][666][666][666][666],0,7559867871112596762
77545379195,玖贰,2025.10.11,浙江,孤独和干啥,0,7559867871112596762
102519742441,。,2025.10.11,广东,[666][666][666][666][666][666][666][666][666][666][666][666][加一][加一][加一][加一][加一][加一][加一][加一][加一][加一][加一][加一][666][666],0,7559867871112596762
7527990335332697146,jinzhiyuye,2025.10.11,江苏,[666][666][666][666][666][666][666][666][666][666][666][666][666],0,7559867871112596762
105692913973,邓忠康,2025.10.11,广西,[666][666][666][666][666][666][爱心手][爱心手][爱心手][666][666][666][666][贴贴][贴贴][贴贴][666][贴贴][抱抱你][抱抱你][抱抱你][抱抱你][抱抱你][抱抱你][抱抱你],0,7559867871112596762
1197841813615504,^柔月^.,2025.10.11,江苏,[666][666][666][666][666][666][666][666][打脸][震惊][小鼓掌][泣不成声][震惊][送心],0,7559867871112596762
57246794634,用户232749,2025.10.11,江西,666,0,7559867871112596762
1634347675030523,谢美华,2025.10.11,福建,[666][666][666][666][666][666][666][666][666][666][666][666][666][666][666][666][666][666][衰][衰][衰],0,7559867871112596762
3173612314963428,用户8841581899437,2025.10.11,浙江,[666][666][666][666][666][666],0,7559867871112596762
77607563429,思念是一种病,2025.10.11,上海,[666][666][666][666][666][666][666],0,7559867871112596762
103758055544,呀,2025.10.11,安徽,[礼物],0,7559867871112596762
1889421198103370,醉梦人生,2025.10.11,福建,[666][666][666][666][666][666][666],0,7559867871112596762
2542509338929563,子芳,2025.10.11,浙江,[666][666][666][666][666][666][666][666][666][666][666][666][666][666][666][666],0,7559867871112596762
1090364167434744,江江宝Q（元梦新人）,2025.10.11,福建,[666][666][666][666],0,7559867871112596762
3551898131768480,魏明磊,2025.10.11,广西,[666][666],0,7559867871112596762
1896037319474403,林柔月,2025.10.11,安徽,[666][666][666][666][666][666],0,7559867871112596762
3115356487705280,丫丫,2025.10.11,河北,[666][晕][衰][震惊][哈欠][一起加油][来看我][闭嘴][666][石化][偷笑],0,7559867871112596762
655733950002959,涵涵,2025.10.11,山东,这个哪吒好帅 你喜欢谁 我喜欢和哪吒点赞的,0,7559867871112596762
79300514540,梦想成真qian,2025.10.11,河南,@敖丙一夫人。,0,7559867871112596762
1889421198103370,醉梦人生,2025.10.11,福建,[666][666][666][666][666][666][666],0,7559867871112596762
2542509338929563,子芳,2025.10.11,浙江,[666][666][666][666][666][666][666][666][666][666][666][666][666][666][666][666],0,7559867871112596762
77545379195,玖贰,2025.10.11,浙江,孤独和干啥,0,7559867871112596762
3115356487705280,丫丫,2025.10.11,河北,[666][晕][衰][震惊][哈欠][一起加油][来看我][闭嘴][666][石化][偷笑],0,7559867871112596762
61437364484,Meet you,2025.10.11,河南,[偷笑][偷笑][偷笑][偷笑][偷笑][偷笑][偷笑][666][666][666][666][666][666][666][来看我][来看我][来看我][来看我][来看我][来看我][来看我][来看我][图片表情],0,7559867871112596762
110878809816,用户56284683,2025.10.11,湖南,[666][666][666],0,7559867871112596762
4218188951978638,陈雯奶奶,2025.10.11,河南,[666][666][666][666][666][666][666][666][666],0,7559867871112596762
105790318048,你大爷,2025.10.11,河南,[666][666][666][666][666][666][666][666][666],0,7559867871112596762
223926869821304,一一一一,2025.10.11,江苏,[666][666][666][666][666][666][666],0,7559867871112596762
3833332824810083,明飞译,2025.10.11,广东,[666][666][666][666][666][666][666][666][666][666][666][666],0,7559867871112596762
2553486973089976,te,2025.10.11,广东,[666][666][666][666][666][666][666][666][666][666][666],0,7559867871112596762
3877331285846233,丢丢,2025.10.11,浙江,[爱心][爱心][爱心][爱心][爱心][爱心][666][666][666][666][666][666][666][666][666][666][666][爱心][爱心][爱心],0,7559867871112596762
675516177723754,王公子 晚7:40,2025.10.11,内蒙古,[666][666][666][666],0,7559867871112596762
4503682115810662,子夕娘娘,2025.10.11,山东,都想失去,1,7559867871112596762
103758055544,呀,2025.10.11,安徽,Dbb,0,7559867871112596762
1943589088399981,时尚穿搭女装,2025.10.11,贵州,666,0,7559867871112596762
3035068293462013,小鲨鱼,2025.10.11,贵州,[666][666][666][666],0,7559867871112596762
3173612314963428,用户8841581899437,2025.10.11,浙江,[粽子][粽子][粽子][粽子][粽子][粽子][粽子][粽子][粽子][粽子][粽子][粽子][粽子][粽子][粽子][红包][红包][红包][握爪][握爪][握爪][平安果][糖葫芦][圣诞帽][蕉绿][栓Q][月亮][月亮][月亮][月亮],0,7559867871112596762
1760771693092905,大,2025.10.11,河南,[抱抱你][调皮][流泪][色][害羞][星星眼][鼓掌][呲牙][抠鼻][害羞][赞][666][666][666],0,7559867871112596762
79300514540,梦想成真qian,2025.10.11,河南,@敖丙一夫人。,0,7559867871112596762
106546195350,”小仙女”,2025.10.11,浙江,[抱抱你][爱心][爱心][爱心][爱心][爱心][爱心][爱心][爱心][爱心][爱心][爱心],0,7559867871112596762
1623311931937501,用户3373815163918,2025.10.11,广西,[玫瑰],0,7559867871112596762
655733950002959,涵涵,2025.10.11,山东,这个哪吒好帅 你喜欢谁 我喜欢和哪吒点赞的,0,7559867871112596762
2341295312351240,太阳哈,2025.10.11,湖北,[666],0,7559867871112596762
95942235366,用户1040334497746,2025.10.11,江苏,[666][666][666],0,7559867871112596762
77545379195,玖贰,2025.10.11,浙江,孤独和干啥,0,7559867871112596762
4199763786085443,玲姐姐养猪(壮肥中心料),2025.10.11,河南,[666][666][666][666][666],0,7559867871112596762
1159351306553753,嘟嘟陈,2025.10.11,河南,[爱心][爱心],0,7559867871112596762
1555144804936746,果汁分你一半,2025.10.11,湖北,[爱心][爱心][爱心][666][666][666],0,7559867871112596762
109091364799,浅,2025.10.11,浙江,[666][666][666],0,7559867871112596762
4258847180721706,不要打我吗,2025.10.11,浙江,[666][666][666][666][666][666][666][666][666][666][666],0,7559867871112596762
3765192443822832,用户3802976536837,2025.10.11,江苏,[666][666],0,7559867871112596762
1366048992673428,卖早餐的青姨,2025.10.11,广东,[666][666][666],0,7559867871112596762
3930135046662313,大斗牛排平洲玉器街夜市,2025.10.11,广东,[666][666][666],0,7559867871112596762
2744858501451933,用户4869869434999,2025.10.11,广东,666,0,7559867871112596762
1794858547677677,英英,2025.10.11,广东,[666][666][666][666][衰][666],0,7559867871112596762
104232409992,毛毛雨,2025.10.11,河南,[666][666],0,7559867871112596762
2036724870944408,陈健,2025.10.11,河北,[666],0,7559867871112596762
4258847180721706,不要打我吗,2025.10.11,浙江,[666][666][666][666][666][666][666][666][666][666][666],0,7559867871112596762
79300514540,梦想成真qian,2025.10.11,河南,@敖丙一夫人。,0,7559867871112596762
1794858547677677,英英,2025.10.11,广东,[666][666][666][666][衰][666],0,7559867871112596762
655733950002959,涵涵,2025.10.11,山东,666,0,7559867871112596762
655733950002959,涵涵,2025.10.11,山东,这个哪吒好帅 你喜欢谁 我喜欢和哪吒点赞的,0,7559867871112596762
3997442930116135,用户6232725468772,2025.10.11,河南,[666][666][666],0,7559867871112596762
4327325019415064,gjj,2025.10.11,江苏,[666][666][666],0,7559867871112596762
77545379195,玖贰,2025.10.11,浙江,孤独和干啥,0,7559867871112596762
110878809816,用户56284683,2025.10.11,湖南,[玫瑰][玫瑰][尴尬流汗][尴尬流汗][杀马特][杀马特],0,7559867871112596762
104766621911,奥特曼578557755777🤎,2025.10.11,江苏,666,0,7559867871112596762
71576946449,幸运咖要幸运,2025.10.09,河南,想干啥 为什么不带我 我生气了,0,7559222726255775002
1002366132558764,炭烤小肥杨.,2025.10.09,河南,有幸和有村架纯合照了[图片表情],0,7559222726255775002
96639581529,咖喱牛肉,2025.10.10,山西,太乙是你本人的声音，不用变一点,0,7559429586557226294
1629938761339017,卷柏暗区突围,2025.10.10,上海,[图片表情],0,7559429586557226294
1412215466638077,十方,2025.10.11,江苏,[图片表情],0,7559429586557226294
3364919636670471,兀,2025.10.10,四川,秀儿[看],0,7559429586557226294
101615919087,💋————Rong,2025.10.10,四川,[图片表情],0,7559429586557226294
7552081310510384188,我猫走走,2025.10.11,江苏,右下角放个蛋糕啥意思啊？,1,7559981409441385780
3400150333784104,4uoki,2025.10.11,辽宁,这个好米呀,0,7559812649359052089
3262959449541031,y༠°,2025.10.11,辽宁,呦哈,0,7559812649359052089
3474054709518589,如果你也听周柏豪,2025.10.11,辽宁,慧慧宝贝,0,7559812649359052089
2893556646152286,青鱼📸,2025.10.11,辽宁,也啧啧啧啧啧啧[抠鼻],0,7559812649359052089
2766806900280926,Klnln,2025.10.11,江西,又emo上了 丁,0,7559628718948977978
2080711509541725,小绵羊塔罗🍳疗愈,2025.10.11,福建,顶美,0,7559628718948977978
97800803344,Heokaiyee,2025.10.11,吉林,美神,0,7559628718948977978
4241241952747643,轩宝,2025.10.11,陕西,[色][色][色][色][抠鼻][流泪],0,7559844509987753235
1481763626425908,沐沐I，💙💙，《好物推荐》,2025.10.10,福建,优秀的作品总能让人赏心悦目👍👍👍,0,7559337477393304858
3203322809194896,东海第一烂皮jian狗敖丙,2025.10.11,河北,[图片表情],4,7559923103829396736
62630493203,槐序,2025.10.11,天津,哪吒的原型的确是来自印度，但是千百年的文化本土化演变，灵珠转世莲花重生，封神大战肉身成圣，天庭将领斩妖除魔，小孩外表的三天护教美少年战神，早就是现代中国传统文化以及道教文化的一部分。闹海杀龙只是早年间的一个插曲，哪吒的人生也早就不是只斩恶龙了，九十六洞妖魔，石记，世间作恶的妖魔鬼怪都会去杀，职责就是为了护卫世人，斩妖除魔,14,7559923103829396736
93470545771,东海第一烂皮筋敖丙李靖裤腰带,2025.10.11,江苏,[图片表情],7,7559923103829396736
3203322809194896,东海第一烂皮jian狗敖丙,2025.10.11,河北,[图片表情],3,7559923103829396736
31207068545655,蛐蛐某人被封俩号,2025.10.11,内蒙古,"Up，up,up,哪吒就是小英雄，才不是什么魔童！[图片表情]",7,7559923103829396736
3203322809194896,东海第一烂皮jian狗敖丙,2025.10.11,河北,[图片表情],4,7559923103829396736
2972728367254791,坛子,2025.10.11,湖北,[图片表情],2,7559923103829396736
3203322809194896,东海第一烂皮jian狗敖丙,2025.10.11,河北,敖饼不是华盖星，上古真龙是有自己的名字的，比如应龙、烛龙、青龙（皮筋嬤别给自己贴金了[微笑]）,7,7559923103829396736
464459931326963,Little藕,2025.10.11,广西,[图片表情],7,7559923103829396736
62630493203,槐序,2025.10.11,天津,[图片表情],5,7559923103829396736
66856890961,宇宙星海,2025.10.11,辽宁,哪吒是惩恶扬善的小英雄，是阐教至宝灵珠子[图片表情],11,7559923103829396736
7487427290570703931,挽莲,2025.10.11,广东,[图片表情],2,7559923103829396736
7487427290570703931,挽莲,2025.10.11,广东,[图片表情],2,7559923103829396736
3203322809194896,东海第一烂皮jian狗敖丙,2025.10.11,河北,今年真是中坛元帅·渡劫元年[图片表情],2,7559923103829396736
7487427290570703931,挽莲,2025.10.11,广东,[图片表情],3,7559923103829396736
945168903834366,三太子龍學者,2025.10.11,江苏,[比心][感谢][鼓掌][玫瑰],3,7559923103829396736
3203322809194896,东海第一烂皮jian狗敖丙,2025.10.11,河北,原著多次提到“灵珠子”和“灵珠”，灵珠子是灵珠的别称，哪吒是奉天尊法旨投胎转世，下凡斩妖除魔🪷以灵珠自居的皮筋粉，问问天尊答不答应？,8,7559923103829396736
3203322809194896,东海第一烂皮jian狗敖丙,2025.10.11,河北,感谢博主辟谣！[图片表情],1,7559923103829396736
3203322809194896,东海第一烂皮jian狗敖丙,2025.10.11,河北,吒儿无妄之灾[图片表情],1,7559923103829396736
3203322809194896,东海第一烂皮jian狗敖丙,2025.10.11,河北,[图片表情],2,7559923103829396736
2972728367254791,坛子,2025.10.11,湖北,[图片表情],1,7559923103829396736
62630493203,槐序,2025.10.11,天津,哪吒的原型的确是来自印度，但是千百年的文化本土化演变，灵珠转世莲花重生，封神大战肉身成圣，天庭将领斩妖除魔，小孩外表的三天护教美少年战神，早就是现代中国传统文化以及道教文化的一部分。闹海杀龙只是早年间的一个插曲，哪吒的人生也早就不是只斩恶龙了，九十六洞妖魔，石记，世间作恶的妖魔鬼怪都会去杀，职责就是为了护卫世人，斩妖除魔,14,7559923103829396736
3881690875313036,飞鸿踏雪,2025.10.11,河北,[图片表情],2,7559923103829396736
3203322809194896,东海第一烂皮jian狗敖丙,2025.10.11,河北,[图片表情],3,7559923103829396736
3203322809194896,东海第一烂皮jian狗敖丙,2025.10.11,河北,敖饼不是华盖星，上古真龙是有自己的名字的，比如应龙、烛龙、青龙（皮筋嬤别给自己贴金了[微笑]）,7,7559923103829396736
3046121574768656,aaaaa-,2025.10.11,湖南,up[图片表情],3,7559923103829396736
102426360770,雪卿🫧,2025.10.11,江苏,@秋日薄暮,0,7559923103829396736
66856890961,宇宙星海,2025.10.11,辽宁,哪吒是惩恶扬善的小英雄，是阐教至宝灵珠子[图片表情],11,7559923103829396736
3203322809194896,东海第一烂皮jian狗敖丙,2025.10.11,河北,@抖音小助手 @抖音创作小助手,0,7559923103829396736
3206642320016615,邑姜还是子娴,2025.10.11,河北,好想要哪吒表情包的评论区[抱抱你][图片表情],7,7559923103829396736
3861909855537208,容要欣,2025.10.11,湖北,谁懂一打开抖音就看到了一张美脸的救赎感[色],5,7559939445942144297
60734824798,天穹之镜,2025.10.11,河南,海濑老师我们喜欢你[图片表情],2,7559939445942144297
3512274828134032,白茶,2025.10.11,河南,好萌的小丙[舔屏][图片表情],1,7559939445942144297
773677555646926,⌓‿⌓,2025.10.11,浙江,美神降临[图片表情],0,7559939445942144297
3724789516599997,Fduduxdwxzg,2025.10.11,山东,好吃,0,7559939445942144297
737142678232460,塔柳99,2025.10.11,广西,好好看！！！,0,7559939445942144297
3778357442651294,邪魂xx,2025.10.11,安徽,天呐[舔屏],0,7559939445942144297
2115938612945719,𝑺𝒕𝒆𝒍𝒍𝒂,2025.10.08,山西,,1,7549791357377334538
740425573599484,柒柒酱,2025.10.11,河南,我中间只看见一个根深蒂固。,1,7549791357377334538
2550471595655680,樂🅥,2025.10.10,河南,写实[憨笑][赞],4,7549791357377334538
3689583989231965,观日洛,2025.10.08,河北,,1,7549791357377334538
2516132287745885,不甘平庸的肠,2025.09.14,湖南,那我两倍速是不是五百倍了[微笑],5617,7549791357377334538
2236867776873979,福袋,2025.10.03,河南,第一次截屏[微笑],30,7549791357377334538
110801957625,今早有吃饭🌈,2025.10.02,重庆,[思考],23,7549791357377334538
4328119895864375,所有或者一无所有。,2025.10.07,甘肃,那减520倍。岂不是可以免费看哪吒？,11,7549791357377334538
1416651586414904,你以为,2025.10.02,福建,这谁？,45,7549791357377334538
108980503001,（o_O）,2025.10.08,湖南,观后感,11,7549791357377334538
97593155479,瑞港,2025.10.11,山西,又加了个两倍速,2,7549791357377334538
154407551397935,繁星浅梦,2025.10.03,新疆,666两个小时的电影硬是被你整成了几分钟就能看完,32,7549791357377334538
3276963426076392,夕,2025.10.08,河南,520倍，也就是一秒等于520秒，也就是8分多钟,0,7549791357377334538
2981517404159328,用户7038857023061,2025.10.02,湖北,,4,7549791357377334538
3262953758916872,→_→,2025.09.15,福建,再快。[看],50903,7549791357377334538
1197834144062852,LA i,2025.10.03,广东,只有一分钱了怎么办,6,7549791357377334538
94093149372,不畏将来，不念过往,2025.10.06,福建,,2,7549791357377334538
99860332835,我想干啥干啥要你管🥺🥺🥺,2025.10.02,山西,随手一截[微笑],7,7549791357377334538
2841556359054187,风起潮落,2025.09.18,江苏,他速度再快也没用,352,7549791357377334538
1741260471414462,-_-,2025.10.02,广西,随便暂停朋友大冒险输了模仿[黑脸],106,7549791357377334538
7459003053137986620,烬,2025.10.07,内蒙古,又开了二倍速的我[图片表情],3,7549791357377334538
740425573599484,柒柒酱,2025.10.11,河南,我中间只看见一个根深蒂固。,1,7549791357377334538
154407551397935,繁星浅梦,2025.10.03,新疆,666两个小时的电影硬是被你整成了几分钟就能看完,32,7549791357377334538
1649748294500827,小说推荐,2025.09.25,广东,可以慢一倍吗？有个细节没看明白[图片表情],45,7549791357377334538
1197834144062852,LA i,2025.10.03,广东,只有一分钱了怎么办,6,7549791357377334538
94793790307,🌈巩哥哥🌈,2025.10.02,广东,确实是完整版，不信大家每一秒都暂停来看，我看完了，很精彩！感谢博主让我在抖音看上了大片[图片表情],11,7549791357377334538
1337452930534408,我是小赵同学,2025.10.04,安徽,兄弟，我要是用三倍呢？,1,7549791357377334538
96633304170,89757,2025.09.25,广西,这不是电影，其实是图片定格的。[捂脸],2,7549791357377334538
688716713301790,2023²⁰²³,2025.10.02,甘肃,不说了，祝我破鼎,4,7549791357377334538
26850700832344,牛逼克拉斯,2025.10.07,浙江,1560倍[杀马特],4,7549791357377334538
1064804623858302,啵对蛋,2025.10.05,湖南,眨一下眼，半小时没了[憨笑][赞][图片表情],5,7549791357377334538
1620022597255387,wqs,2025.10.02,江苏,"我:老师我用25秒看了一部哪吒二 
老师:咋可能
我:请看vcr[图片表情]",2,7549791357377334538
171973058494887,ༀི༃誰㔑༒ྀ༇,2025.10.11,山东,加上三倍速无敌了。,1,7549791357377334538
1169475573654093,漂亮羽毛,2025.10.11,贵州,真的快调到1000块,0,7549791357377334538
102795161505,001,2025.10.11,云南,,1,7549791357377334538
75807545141,年年有瑜,2025.10.10,广东,根深蒂固[发怒],2,7549791357377334538
4871435336811,一生只为独行,2025.10.09,辽宁,在一次偶然的暂停中，截到了哪吒,4,7549791357377334538
2329223965451460,用户1773185297535,2025.10.09,安徽,啊，你管这叫哪吒二？,1,7549791357377334538
2500744050915648,26494917858,2025.10.09,云南,@知我者有几 @仌 都说没看过哪吒2活着干啥[呲牙],1,7549791357377334538
2801982734603368,你告别好干脆,2025.10.09,广西,你们这些内存占太大了 看我的[图片表情],3,7549791357377334538
3924596666934432,小狸花,2025.10.09,江西,？……我看了个啥,0,7549791357377334538
740425573599484,柒柒酱,2025.10.11,河南,我中间只看见一个根深蒂固。,1,7549791357377334538
741535233616259,总李.,2025.10.09,山东,我看520遍，是不是就看完一集了？[发呆],0,7549791357377334538
3013101746394942,will心花,2025.10.09,浙江,刚想长按加速就放完了[图片表情],1,7549791357377334538
738504536232558,养只吃饭的猫,2025.10.09,广东,好滴，我看完了,2,7549791357377334538
7535457766326338620,天府夜归人,2025.10.09,四川,太慢了不好看,0,7549791357377334538
3654419822152780,平流层王子,2025.10.09,山东,根深蒂固,0,7549791357377334538
314927766054864,溫玖,2025.10.08,中国台湾,家豪：还是慢了,0,7549791357377334538
2827544581126027,崔艳美好生活,2025.10.08,广东,3200倍,4,7549791357377334538
105220066623,2019.😁9❤️猪宝宝,2025.10.08,内蒙古,开三倍速给我叫成大分子,3,7549791357377334538
98230089177,用户5641031828416,2025.10.08,云南,我又外加了三倍,0,7549791357377334538
1297900866636011,我是佳悦,2025.10.08,广东,,2,7549791357377334538
87692931564,我是萨比,2025.10.08,安徽,我们再开个二倍速,0,7549791357377334538
4369937350267227,我最可爱,2025.10.08,福建,我没看过，可是我看明白了。,0,7549791357377334538
1801475349287929,蛋小猫(喜欢蛋小粉)。冲200粉！！！,2025.10.08,湖北,大概就是这么快的话，10秒看完我数了[憨笑],0,7549791357377334538
109641179631,四个孩子的奶奶,2025.10.08,河南,我用手机在家三倍速,0,7549791357377334538
301696744171758,毅念,2025.10.08,重庆,提前看过,0,7549791357377334538
4110434253680731,୧⍤⃝🌻鱼,2025.10.08,湖南,这也太好看了吧。,1,7549791357377334538
84801517346,I,2025.10.08,浙江,在干什么呢？,1,7549791357377334538
4196170170923197,小小黄毛,2025.10.08,四川,三倍速更快快,0,7549791357377334538
2705239271813502,“困困鱼🐟”,2025.10.08,河北,[666][666][666],0,7549791357377334538
740425573599484,柒柒酱,2025.10.11,河南,我中间只看见一个根深蒂固。,1,7549791357377334538
2201668864711924,萧辰,2025.10.08,湖南,我感觉没看,0,7549791357377334538
104247126301,紫依,2025.10.08,陕西,这对吗,0,7549791357377334538
2867948660982531,♥萌一萌♥,2025.10.08,北京,,0,7549791357377334538
96339562203,踣之,2025.10.08,四川,我直接520x3倍速直接秒了[黑脸],0,7549791357377334538
2892155720055484,以前“我没有朋友，但是我有娘”,2025.10.08,河北,"以前“我没有朋友，但是我有娘”
现在“我有朋友，但我没有了娘”",3,7549791357377334538
3601616584843499,珠光,2025.10.08,广东,那我用三倍数的话，不就是1560倍,0,7549791357377334538
4111790458278269,洁儿,2025.10.08,陕西,主播能不能放慢点？求求你了，求求你了，求求你了，求求你了，求求你了，求求你了，求求你了，你放慢点吧，求求你了，求求你了，求求你放慢点啊。,0,7549791357377334538
1099938802176659,和平精英名字:贝亚大皇666,2025.10.08,内蒙古,请问阁下我这是多少倍,2,7549791357377334538
1931205574144799,DDD......,2025.10.08,河北,根深蒂固,0,7549791357377334538
448194572714507,挽巷,2025.10.08,山东,,0,7549791357377334538
1245119092374843,开心最好,2025.10.08,安徽,666,0,7549791357377334538
119216781657399,目标,2025.10.08,河南,,1,7549791357377334538
3368530966480232,辽宁圹…好,2025.10.08,河南,开三倍速试试,0,7549791357377334538
2878975279114634,我是魈的狗！,2025.10.08,吉林,[图片表情],0,7549791357377334538
1724485476290685,牛仔很忙,2025.10.08,江西,时间太长了吧,0,7549791357377334538
3632417042086376,¹悲伤𝙆𝙞𝙩𝙩𝙮猫/.,2025.10.08,山东,我不行了哈哈哈哈哈哈哈,0,7549791357377334538
263494943118590,薄祥亮,2025.10.08,山东,没这么慢,0,7549791357377334538
1060367183912280,不是，这是科技版。,2025.10.08,天津,有一段没了。,0,7549791357377334538
2830595242079492,ㅛㅕ,2025.10.08,湖北,一辈子一截就是这臭水蜜桃,0,7549791357377334538
740425573599484,柒柒酱,2025.10.11,河南,我中间只看见一个根深蒂固。,1,7549791357377334538
569993660471060,🎵,2025.10.08,山东,[图片表情],0,7549791357377334538
1330871282705572,泪,2025.10.08,湖北,再乘三倍[躺平],0,7549791357377334538
104802037221,此号被注销,2025.10.08,内蒙古,我在520倍速上叠加了三倍速现在是，1560倍速,0,7549791357377334538
1082340377628112,祈年,2025.10.08,河北,@♛ 这样就能看完啦[图片表情],1,7549791357377334538
184369129459084,蛋仔骨绵呀,2025.10.08,河南,[呲牙],0,7549791357377334538
855858625658083,拾忆*,2025.10.08,甘肃,囊囊囊[猪头],0,7549791357377334538
108671227964,霸气过头,2025.10.08,吉林,@[图片表情],0,7549791357377334538
2940547972474920,困在回忆里,2025.10.08,河南,谁能截到哪吒破鼎那个照片那你真的是这个[赞][憨笑],0,7549791357377334538
2953748263997130,不知道,2025.10.08,山西,1560倍的太好看了[机智],0,7549791357377334538
3490271309871507,池郁.,2025.10.08,河南,我避 他锋芒？,0,7549791357377334538
3090053475338464,绘画大师,2025.10.08,吉林,换成三倍，笑死我了,0,7549791357377334538
4453496029983448,结冰的誓言,2025.10.08,辽宁,慢放一百倍就全是图片了,4,7549791357377334538
2032313330836335,在不在不在,2025.10.08,河北,[图片表情],1,7549791357377334538
2104940955969785,逝岸,2025.10.08,江西,根深蒂固[钱],0,7549791357377334538
2390797998642986,下雨天,2025.10.08,广东,不敢眨眼睛[图片表情],0,7549791357377334538
2817427331091324,CaeSar,2025.10.08,新疆,感觉这个都没有作者快呀,1,7549791357377334538
1937790561160839,小时,2025.10.08,广东,[捂脸],0,7549791357377334538
82675401443,食铁兽,2025.10.08,辽宁,有点想哕[吐],0,7549791357377334538
2447989942517948,86425,2025.10.08,广东,爽！哪吒2就是好看！,0,7549791357377334538
740425573599484,柒柒酱,2025.10.11,河南,我中间只看见一个根深蒂固。,1,7549791357377334538
3360528796230015,🐉龙上缘🐉,2025.10.08,天津,[微笑],0,7549791357377334538
92017519931,信.,2025.10.08,山东,[图片表情],0,7549791357377334538
3314367994530155,1289,2025.10.08,河南,@[看],1,7549791357377334538
4048828092652804,哒酚琦,2025.10.07,江苏,有这个片段吗[微笑],3,7549791357377334538
3371519325009831,贝利亚,2025.10.07,吉林,,1,7549791357377334538
1670902362943758,白荼,2025.10.07,江苏,行[抱抱你],2,7549791357377334538
3010937043564188,艾拉古城,2025.10.07,安徽,那我要再长按屏幕呢[看],0,7549791357377334538
109596111334,5.00am,2025.10.07,山东,完了眨一眼都跟不上,1,7549791357377334538
1099110619810493,单,2025.10.07,广西,哪吒2我去电影院看完了,0,7549791357377334538
657973765742651,79483564767,2025.10.07,广东,谁懂啊？这他520倍速拿你再加个三倍速是什么体验？,0,7549791357377334538
3428710781818713,咖啡豆的小稻米Amy哈迷爱吃曲琦,2025.10.07,湖北,看了又好像没看[捂脸],1,7549791357377334538
1672801145065371,苏郁,2025.10.07,湖南,[666][666][666],0,7549791357377334538
335798681733488,浩 轩,2025.10.07,甘肃,扎个眼的功夫就看了3分之一[捂脸],1,7549791357377334538
3098874138341517,枭,2025.10.07,河北,你好,0,7549791357377334538
457873991932397,0585,2025.10.07,江西,用三倍速开的话 没有什么变化,0,7549791357377334538
4177754606535456,wytandsx,2025.10.07,重庆,6,0,7549791357377334538
741546001464228,灰太狼大王万岁         🇻,2025.10.07,河南,三倍用1500倍速看的,1,7549791357377334538
2735193958908221,归来,2025.10.07,辽宁,你们截到的是哪一个画面呢？[憨笑],2,7549791357377334538
855858625658083,拾忆*,2025.10.08,甘肃,囊囊囊[猪头],0,7549791357377334538
740425573599484,柒柒酱,2025.10.11,河南,我中间只看见一个根深蒂固。,1,7549791357377334538
1082340377628112,祈年,2025.10.08,河北,@♛ 这样就能看完啦[图片表情],1,7549791357377334538
2940547972474920,困在回忆里,2025.10.08,河南,谁能截到哪吒破鼎那个照片那你真的是这个[赞][憨笑],0,7549791357377334538
2953748263997130,不知道,2025.10.08,山西,1560倍的太好看了[机智],0,7549791357377334538
3490271309871507,池郁.,2025.10.08,河南,我避 他锋芒？,0,7549791357377334538
3090053475338464,绘画大师,2025.10.08,吉林,换成三倍，笑死我了,0,7549791357377334538
4453496029983448,结冰的誓言,2025.10.08,辽宁,慢放一百倍就全是图片了,4,7549791357377334538
108671227964,霸气过头,2025.10.08,吉林,@[图片表情],0,7549791357377334538
2104940955969785,逝岸,2025.10.08,江西,根深蒂固[钱],0,7549791357377334538
2817427331091324,CaeSar,2025.10.08,新疆,感觉这个都没有作者快呀,1,7549791357377334538
1937790561160839,小时,2025.10.08,广东,[捂脸],0,7549791357377334538
82675401443,食铁兽,2025.10.08,辽宁,有点想哕[吐],0,7549791357377334538
914387476425774,春天杀了,2025.10.08,福建,观后感太刀了。,0,7549791357377334538
2390797998642986,下雨天,2025.10.08,广东,不敢眨眼睛[图片表情],0,7549791357377334538
3276963426076392,夕,2025.10.08,河南,520倍，也就是一秒等于520秒，也就是8分多钟,0,7549791357377334538
2447989942517948,86425,2025.10.08,广东,爽！哪吒2就是好看！,0,7549791357377334538
3360528796230015,🐉龙上缘🐉,2025.10.08,天津,[微笑],0,7549791357377334538
67631319970,竹一一,2025.10.08,四川,跟一个,1,7549791357377334538
3314367994530155,1289,2025.10.08,河南,@[看],1,7549791357377334538
3371519325009831,贝利亚,2025.10.07,吉林,,1,7549791357377334538
740425573599484,柒柒酱,2025.10.11,河南,我中间只看见一个根深蒂固。,1,7549791357377334538
1670902362943758,白荼,2025.10.07,江苏,行[抱抱你],2,7549791357377334538
3010937043564188,艾拉古城,2025.10.07,安徽,那我要再长按屏幕呢[看],0,7549791357377334538
1657702858367067,往后余生都好,2025.10.07,山东,what's this?,0,7549791357377334538
109596111334,5.00am,2025.10.07,山东,完了眨一眼都跟不上,1,7549791357377334538
1099110619810493,单,2025.10.07,广西,哪吒2我去电影院看完了,0,7549791357377334538
657973765742651,79483564767,2025.10.07,广东,谁懂啊？这他520倍速拿你再加个三倍速是什么体验？,0,7549791357377334538
2032313330836335,在不在不在,2025.10.08,河北,[图片表情],1,7549791357377334538
3428710781818713,咖啡豆的小稻米Amy哈迷爱吃曲琦,2025.10.07,湖北,看了又好像没看[捂脸],1,7549791357377334538
1672801145065371,苏郁,2025.10.07,湖南,[666][666][666],0,7549791357377334538
335798681733488,浩 轩,2025.10.07,甘肃,扎个眼的功夫就看了3分之一[捂脸],1,7549791357377334538
3098874138341517,枭,2025.10.07,河北,你好,0,7549791357377334538
457873991932397,0585,2025.10.07,江西,用三倍速开的话 没有什么变化,0,7549791357377334538
4177754606535456,wytandsx,2025.10.07,重庆,6,0,7549791357377334538
741546001464228,灰太狼大王万岁         🇻,2025.10.07,河南,三倍用1500倍速看的,1,7549791357377334538
2735193958908221,归来,2025.10.07,辽宁,你们截到的是哪一个画面呢？[憨笑],2,7549791357377334538
1563946344254084,用户174144007321,2025.10.07,河南,,3,7549791357377334538
457001954716686,🐾,2025.10.07,河北,一秒进黑夜模式啊,0,7549791357377334538
4258821773731035,繁星幽梦,2025.10.07,江西,@Dime 请你看哪吒2,1,7549791357377334538
3496045897325528,酒空人已醉,2025.10.07,四川,？？？？,0,7549791357377334538
740425573599484,柒柒酱,2025.10.11,河南,我中间只看见一个根深蒂固。,1,7549791357377334538
1011197705198696,小然子,2025.10.07,湖北,1560倍,0,7549791357377334538
886681727941881,😁,2025.10.07,广东,使用3倍速获得1560倍速的哪吒二[强],1,7549791357377334538
974610019134761,轩哥,2025.10.07,湖南,这个放慢你就可以看哪咤2还是免费的勒。,1,7549791357377334538
92604819970,甜蜜蜂蜜,2025.10.07,北京,如果 在二倍快进的话会怎么样？变成1040倍速。,1,7549791357377334538
587586240251065,性感公蟑螂,2025.10.07,四川,666眨下眼睛大结局了，,2,7549791357377334538
303111171480947,突破自己，未来可期,2025.10.07,河北,@,0,7549791357377334538
92017519931,信.,2025.10.08,山东,[图片表情],0,7549791357377334538
108210731674,遥远的救世主,2025.10.07,上海,"下次能开1,000,000,000,000倍速看城塘观吗？",0,7549791357377334538
4347889145362125,哪嘟通,2025.10.07,湖南,[666][666][666],0,7549791357377334538
2502915293199575,ying,2025.10.07,广西,再用一下二倍速。,0,7549791357377334538
51477377347,樱桃大丸子,2025.10.07,湖南,520倍速看哪咤2再开三倍速,0,7549791357377334538
3745398439554665,不迷路,2025.10.07,四川,随手一截看到了谁的丑照？,0,7549791357377334538
2698660853326410,用户2326979662013,2025.10.07,河北,好慢啊。再快点行不啊？,1,7549791357377334538
1280289596515488,叶凡(三角洲跑刀),2025.10.07,广西,你等我捋一下,0,7549791357377334538
2625263671985998,∴′,2025.10.07,安徽,正确来讲只要几秒。,0,7549791357377334538
99416061411,夜猫子@,2025.10.07,广东,这就是1400倍吗？,0,7549791357377334538
1622514215688220,思琪奶奶,2025.10.07,安徽,啥也没听见，只听见呱啦呱啦的声音,2,7549791357377334538
967991494448959,最熟悉的陌生人,2025.10.07,江苏,我还加了两倍数[捂脸],0,7549791357377334538
740425573599484,柒柒酱,2025.10.11,河南,我中间只看见一个根深蒂固。,1,7549791357377334538
2446851642235796,exclusive,2025.10.07,江西,我再加一个两倍数呢[捂脸],0,7549791357377334538
3650829042846750,砵兰街街道办,2025.10.07,广东,是谁敢？ 调到3．x,0,7549791357377334538
1883904525994712,不会困,2025.10.07,重庆,有……有点快了吧[图片表情],0,7549791357377334538
99033818799,XYIL,2025.10.07,湖北,快也没用[憨笑],3,7549791357377334538
2663477228871280,罗兰罗朗德,2025.10.07,河南,那我再来一个二倍。1040倍！,0,7549791357377334538
4248165886465112,^Beautyの妤蒽^💤,2025.10.07,河南,[钱],2,7549791357377334538
7472360159096882236,行可以,2025.10.07,河南,二倍速就是一千零四十倍速，所以我是一千零四十倍速看完的[捂脸],0,7549791357377334538
98680520280,@你,2025.10.07,江西,谁能帮我剪一下？,1,7549791357377334538
93301115219,上雕的蛋仔日常,2025.10.07,安徽,[图片表情],0,7549791357377334538
1139541595391182,记录明夜浪漫,2025.10.07,江西,谁懂我还按着倍速不松手,0,7549791357377334538
664554606169831,落阳,2025.10.07,河北,我调成慢速，是不是就能看全片了？,2,7549791357377334538
1744242035931486,泪碎,2025.10.07,广东,开三倍更快。,0,7549791357377334538
1785209230986860,用户7893124512235,2025.10.07,江西,我看完了，再快一点,0,7549791357377334538
98052132764,一壶 老酒,2025.10.07,湖南,啊。,0,7549791357377334538
1280289596515488,叶凡(三角洲跑刀),2025.10.07,广西,勉强看得清 但脑子有点乱乱的,0,7549791357377334538
4169805672746030,张雪凤🇨🇳,2025.10.07,江西,520加三倍速是一种什么样的体验[图片表情],0,7549791357377334538
111176169946,宇智波佐助［须助能乎］,2025.10.07,河南,看明白了居然，还是太慢了老铁,0,7549791357377334538
3046104490051227,佰冥,2025.10.07,贵州,好像啥都看到了好像啥都没看到,0,7549791357377334538
3116488248795544,阗寒,2025.10.07,河南,不好意思，我是1040,0,7549791357377334538
740425573599484,柒柒酱,2025.10.11,河南,我中间只看见一个根深蒂固。,1,7549791357377334538
2199476646197416,一只屑德🇩🇪,2025.10.07,浙江,冷知识 你可以把视频录下来 然后再放慢520倍[憨笑],0,7549791357377334538
80190899249,、  浩贤  、,2025.10.07,河南,谢谢主播[图片表情],0,7549791357377334538
593368150982460,独角兽的日常,2025.10.07,广西,,0,7549791357377334538
1191503123719771,张茜妮,2025.10.07,河北,你们为什么点赞？,0,7549791357377334538
4328113474649646,我是小艾呀,2025.10.07,陕西,啊想起来了，我全想起来了,0,7549791357377334538
4229153525599731,捣蛋鬼,2025.10.07,浙江,想要1314倍速,0,7549791357377334538
1996368240183176,用户9258444784833,2025.10.07,山东,,0,7549791357377334538
295105616413407,໑ຼₒ₂₄ღ᭄吴🕊꧔ꦿ᭄💞,2025.10.07,湖北,之前看了一个老鼠叫，然后又看到了一个哪吒版老鼠叫,1,7549791357377334538
294259932543534,安少,2025.10.07,广西,六,0,7549791357377334538
102916492874,……,2025.10.07,山东,那我看520遍，不就相当于看了完整版吗？,0,7549791357377334538
105448159968,洲洲,2025.10.07,山东,可以看完整版了,0,7549791357377334538
99965449180,蚊子,2025.10.07,福建,为什么这么慢？(・◇・),4,7549791357377334538
105413824190,嘟嘟嘟嘟,2025.10.07,江苏,,1,7549791357377334538
376490616689843,为什么不出爱丽丝！,2025.10.07,河北,还不够快,1,7549791357377334538
105714970239,水豚汉堡包（有时候不在线）,2025.10.07,广西,如果我再给你加个二倍速呢？,1,7549791357377334538
2840737471800836,用户2303736182182,2025.10.07,湖南,看完还有一些。,1,7549791357377334538
3164837899939840,离尽春,2025.10.07,陕西,魔丸啊,1,7549791357377334538
7459003053137986620,烬,2025.10.07,内蒙古,又开了二倍速的我[图片表情],3,7549791357377334538
3479329551163677,大粪琦,2025.10.06,江西,我感觉作者是挑好多个图放在上面，然后开剪的,2,7549791357377334538
740425573599484,柒柒酱,2025.10.11,河南,我中间只看见一个根深蒂固。,1,7549791357377334538
77497219719,南序忆,2025.10.06,山东,放慢 520倍，是不是就能看[钱],1,7549791357377334538
69262467915,拆-小南风,2025.10.06,北京,一个不小心就截到了[杀马特],7,7549791357377334538
7397093590733751353,和平精英蛋牛,2025.10.06,陕西,太慢了,1,7549791357377334538
4296520871453419,琳姐姐的软装宝典,2025.10.06,云南,再调成三倍。,1,7549791357377334538
2652475231316158,小唧唧,2025.10.06,河北,一下直接截到破鼎,1,7549791357377334538
105474773941,山高水长,2025.10.06,河北,时间过得真快，没到10秒钟了，已经看完一遍哪咤了。,2,7549791357377334538
83773434924,why？,2025.10.06,黑龙江,随手,1,7549791357377334538
4190956687729764,库洛米。,2025.10.06,湖北,眨一下眼睛里不知道会错过多少片,2,7549791357377334538
105448159968,洲洲,2025.10.07,山东,那你就看富520倍数,0,7549791357377334538
4110446880634512,用户4604476767686,2025.10.06,湖南,此时再加上2倍速,5,7549791357377334538
3878701280791662,泰莉,2025.10.06,安徽,那我再加大两倍，速不就是10400倍了吗？,3,7549791357377334538
2852548087136131,开凿酷尼,2025.10.06,青海,这是二刷吗？我的大脑好疼,1,7549791357377334538
101387852421,Vivi369,2025.10.06,山东,我1560倍看,4,7549791357377334538
102582358146,雷威功,2025.10.06,青海,6,1,7549791357377334538
2570006840489847,微风聊动漫,2025.10.06,浙江,最慢的是倒计时[玉兔],1,7549791357377334538
99588852032,是夏夏啊~,2025.10.06,福建,我慢放520倍，你不炸了吗？,3,7549791357377334538
51623945030,៚᭄余ॣ生🍓࿐ᩚ,2025.10.06,江苏,我还开了倍速,1,7549791357377334538
1823440103278891,🫧 F～T☆,2025.10.06,江苏,太慢了,1,7549791357377334538
1823440103278891,🫧 F～T☆,2025.10.06,江苏,太慢了,1,7549791357377334538
740425573599484,柒柒酱,2025.10.11,河南,我中间只看见一个根深蒂固。,1,7549791357377334538
105510550426,王者荣耀我...,2025.10.06,河南,我又开了个三倍速。,1,7549791357377334538
2925123657533347,赫赫,2025.10.06,上海,再开三倍速屏幕都反应不过来,1,7549791357377334538
1813566704856346,你的秘密,2025.10.06,云南,没反应过来就看完了,0,7549791357377334538
3069442572432808,❄️,2025.10.06,河北,嗯对二刷了,3,7549791357377334538
2994700128616556,不玩王 等 15.6w人,2025.10.06,湖北,那我要是放慢520倍是不是相当于看了一集哪吒[思考],2,7549791357377334538
3038704843623896,黎初,2025.10.06,河南,再加上自己的3倍呢,1,7549791357377334538
2049911994202336,지겹다.,2025.10.06,贵州,还是太慢了，下次能不能弄一个1314倍[呲牙],4,7549791357377334538
2564523815081342,沐曦,2025.10.06,河南,如果再开倍速呢,3,7549791357377334538
3116439377807982,槲,2025.10.06,广东,那我买的电影票可以退吗,2,7549791357377334538
3795936972645006,小鱼感,2025.10.06,新疆,我长按就是1040倍[捂脸][捂脸][捂脸][捂脸][图片表情],2,7549791357377334538
95988136009,烟花易泠.,2025.10.06,河南,@FilW²⁵ 太好看了,1,7549791357377334538
69883974296,彦章空间设计,2025.10.06,内蒙古,截到这里就很难过,1,7549791357377334538
94093149372,不畏将来，不念过往,2025.10.06,福建,,2,7549791357377334538
3582627850229491,<>,2025.10.06,安徽,我不行了[抱抱你],3,7549791357377334538
3175842530210323,我爱吃白马,2025.10.05,陕西,太慢了 我再开个3倍,1,7549791357377334538
4072195532535248,咩,2025.10.06,重庆,[图片表情],1,7549791357377334538
466669098764157,007柒,2025.10.05,四川,其实是1040倍速,1,7549791357377334538
610980094021291,用户9831345022083,2025.10.05,河北,现在我也是看过哪吒二的人了[捂脸][捂脸],1,7549791357377334538
3150521713044858,卡密,2025.10.05,河北,一小时可以看几遍[尬笑][尬笑][尬笑],2,7549791357377334538
740425573599484,柒柒酱,2025.10.11,河南,我中间只看见一个根深蒂固。,1,7549791357377334538
66211990944,YJIE.,2025.10.05,广东,我以为给我看的哪吒2这个[杀马特][图片表情],1,7549791357377334538
2217035128650731,莉莉,2025.10.05,四川,感觉一瞬间看到了好多重要的信息,1,7549791357377334538
100273428314,菇凉,2025.10.05,江苏,你再开个三倍速,1,7549791357377334538
580175041668024,bb.,2025.10.05,河北,en,4,7549791357377334538
1719233729268119,4.05,2025.10.05,河北,[看],11,7549791357377334538
3115355191906567,雨恋,2025.10.05,重庆,再加个三倍速呢[抠鼻],1,7549791357377334538
1939995205575790,夏雨真芙了,2025.10.05,江苏,根深蒂固！,2,7549791357377334538
1585962677713111,酔快.,2025.10.05,河北,再乘个二才舒服,1,7549791357377334538
3859758734392640,青山独归远,2025.10.05,河南,这个视频放慢520倍就能看原片了[贴贴],5,7549791357377334538
100380379482,野鸭子,2025.10.05,四川,眨个眼就演完了[微笑],1,7549791357377334538
748096036022654,渔推,2025.10.05,山西,你生来便是魔丸。。。,2,7549791357377334538
1891591339643576,这是好事啊～,2025.10.05,日本,现在1040倍速了[看],3,7549791357377334538
1997177733255928,是羽不是少羽,2025.10.05,福建,那我三倍速，岂不是1500多？,4,7549791357377334538
941650759132221,萝波pp,2025.10.05,湖北,太精彩了就是有亿些细节没看明白[玫瑰],4,7549791357377334538
2696418654959800,ydfjr,2025.10.05,福建,那是不是只要把这个视频放慢520倍？那是不是就可以免费看哪吒二？,2,7549791357377334538
2311633199197308,轻绘梨衣泪沾衣,2025.10.05,山东,看看我截到了什么[憨笑],7,7549791357377334538
556769006593904,Afr,2025.10.05,湖北,中大奖了,1,7549791357377334538
2277781221410190,春浩,2025.10.05,山东,没偷摸骂我两句吧[抱抱你],1,7549791357377334538
740425573599484,柒柒酱,2025.10.11,河南,我中间只看见一个根深蒂固。,1,7549791357377334538
3349554147894820,十 七,2025.10.05,安徽,中间放个片都没人知道,5,7549791357377334538
789900907263155,止弦,2025.10.05,湖南,@礼 好看,1,7549791357377334538
972417292839501,孤单的人,2025.10.05,广西,1560倍看,1,7549791357377334538
3430093174872168,এᝰꫛ一铭三金ღ,2025.10.05,河北,我是1560倍看的,2,7549791357377334538
2628258475024548,青芙,2025.10.05,江西,好的，我也是看过哪吒二的人了[得意],3,7549791357377334538
3913877036476007,人,2025.10.05,广西,那我再加快乘二呢,1,7549791357377334538
3610439195300792,reply-W,2025.10.05,内蒙古,,1,7549791357377334538
3167007598711296,用户8112515965638,2025.10.05,新疆,你说如果我把这个视频放慢520倍，是不是就可以免费看哪吒,2,7549791357377334538
3431995477338932,万事通,2025.10.05,广东,倒放20秒[图片表情],1,7549791357377334538
4477637747551032,两只老虎,2025.10.05,河南,一秒多少帧，听着有点像得吃小曲,1,7549791357377334538
1151887230369838,☄️,2025.10.05,湖南,买了 孩子很喜欢吃[憨笑],1,7549791357377334538
3861963181929917,不艾跑步,2025.10.05,湖南,家人们，我终于看完了哪吒了,2,7549791357377334538
748096036022654,渔推,2025.10.05,山西,。。。聪明[微笑],2,7549791357377334538
2362202059713006,折花,2025.10.05,云南,[呲牙],2,7549791357377334538
88440797144999,师,2025.10.05,江苏,在三倍，这不就，1600,1,7549791357377334538
2663457422841595,C^,2025.10.05,云南,嗯对 就是随便暂停了一下[微笑],7,7549791357377334538
3954256654375052,冬,2025.10.05,四川,我在来个加速你不炸了吗,1,7549791357377334538
9275115057262,什么,2025.10.05,江西,慢了[憨笑][憨笑],1,7549791357377334538
4037036955152903,油炸手机壳,2025.10.05,安徽,大致看懂了,1,7549791357377334538
740425573599484,柒柒酱,2025.10.11,河南,我中间只看见一个根深蒂固。,1,7549791357377334538
1374832280221059,人生邪,2025.10.04,广西,有意思,1,7549791357377334538
1621107841182877,予与光同尘,2025.10.04,河北,我直接再开二倍速，1040倍速看,1,7549791357377334538
4172019674123911,z繁花似锦,2025.10.04,四川,太好了，我也是看过哪吒二的人了[呲牙],2,7549791357377334538
1924593757723354,Cx330,2025.10.04,山东,那我再二倍加速你不炸了[图片表情],1,7549791357377334538
1198919652226851,1000,2025.10.04,宁夏,其实还能1040倍。,2,7549791357377334538
2884773494918184,꒰ঌ荔枝໒꒱,2025.10.04,重庆,我已经看过114514倍的了[愉快],1,7549791357377334538
104396422195,笑爸,2025.10.04,江西,[憨笑]？,1,7549791357377334538
4035643690200905,企鹅,2025.10.05,湖南,32倍！,2,7549791357377334538
877885754193164,急了！,2025.10.04,广西,,3,7549791357377334538
233526036807191,白。,2025.10.04,四川,随手一截[捂脸],3,7549791357377334538
3679421023651374,可恶小伙伴,2025.10.04,陕西,还吃！,2,7549791357377334538
1802793630315227,你明明你,2025.10.04,河北,我放慢520倍呢[憨笑],3,7549791357377334538
886684902785804,白树（智博托管）,2025.10.04,福建,换成三倍数更快了,1,7549791357377334538
1484795458357609,LLY,2025.10.04,云南,那我开两倍数是不是一千多倍了[看],4,7549791357377334538
237935521442333,龷,2025.10.04,浙江,真慢,1,7549791357377334538
457869975629879,扣税国王,2025.10.04,甘肃,啊，大脑好疼呀，好像有什么东西步入了我的脑中,1,7549791357377334538
270893997888699,Esme👀,2025.10.04,四川,在用手机开三倍速[捂脸],2,7549791357377334538
54348731395531,哥哥叫大朗,2025.10.04,安徽,好像看了，又好像什么都没看,2,7549791357377334538
3052669161443486,，，，，，，，，，，，，，，，，，，，，,2025.10.04,山东,这其实是好几百张图片组成的。,1,7549791357377334538
740425573599484,柒柒酱,2025.10.11,河南,我中间只看见一个根深蒂固。,1,7549791357377334538
3211050022873943,⦁茉莉雨,2025.10.04,重庆,,2,7549791357377334538
1273660178181754,断连中,2025.10.04,陕西,[捂脸]没用,3,7549791357377334538
97221673703,水利万物,2025.10.04,天津,,2,7549791357377334538
2151069726021640,鲜葱,2025.10.04,江苏,嗯没看清楚[黄脸干杯],2,7549791357377334538
2229455120246264,我的世界,2025.10.04,浙江,的3倍数直接变成闪电侠了,1,7549791357377334538
211533695562237,@迟早,2025.10.04,陕西,好消息23秒看完哪吒,2,7549791357377334538
2194234358105900,不知道,2025.10.04,山东,我要体验523倍速直接开三倍速[玉兔],1,7549791357377334538
78765673942680,念OvO,2025.10.04,江西,不敢眨眼[憨笑],1,7549791357377334538
86470711471,欢欢猕猴桃,2025.10.04,广东,只能看到重要细节,1,7549791357377334538
198329918569575,没天赋的红烧肉e,2025.10.04,广东,脑子好奇怪，感觉有什么东西一闪而过[杀马特],1,7549791357377334538
1779443328096043,iZ-29,2025.10.04,河北,哈哈如何[看],2,7549791357377334538
1248647178100631,琳（二木什么时候让我进群T^T）,2025.10.04,湖北,[憨笑],2,7549791357377334538
300638628756996,猫猫,2025.10.03,广东,我要是放慢520倍是不是就是原片了？,5,7549791357377334538
2630507098018638,无民,2025.10.03,湖南,我直接再来一个三倍速,5,7549791357377334538
66951864697,or.,2025.10.03,四川,@橙乔巧 请你看哪吒,1,7549791357377334538
4170906807833415,杜老大,2025.10.03,山东,[666][666][666][666][666][666][666][666][666][666][666][666][666][666][666][666][666][666][666][666][666][666][666][666][666][666][666][666][666][666][666][666][666][666][666][666][666][666][666][666][666][666][666][666][666][666][666][666][666][666][666][666][666][666][666][666][666][666][666][666][666][666][666][666][666][666][捂脸][玫瑰][赞],1,7549791357377334538
3019720181154452,泽岁,2025.10.03,河北,,2,7549791357377334538
4323988359,哈努克娜,2025.10.03,河南,然后我自己又开了个三倍速，眼睛都给我闪花了。,1,7549791357377334538
2025733278664603,逃～,2025.10.03,四川,敢说你是一帧一帧放的[发怒],1,7549791357377334538
740425573599484,柒柒酱,2025.10.11,河南,我中间只看见一个根深蒂固。,1,7549791357377334538
4243761973699844,茂林修竹,2025.10.03,河南,终于截到了[流泪][流泪][流泪],3,7549791357377334538
3183791391128028,不忘初心,2025.10.03,山东,但3倍速是个好东西,2,7549791357377334538
2057939737650620,薆,2025.10.03,山东,那如果我,8,7549791357377334538
3689600856897598,陈子爱吃橙子🍊,2025.10.03,浙江,那我要再开个二倍速你不炸了吗？,1,7549791357377334538
703330112777437,莹莹🎨,2025.10.03,湖南,,1,7549791357377334538
1182713148353246,小涵,2025.10.03,浙江,其实就是几张图吧[呲牙],2,7549791357377334538
3338545298681758,十三太保,2025.10.03,山东,不是，就是掺了片也看不出来,4,7549791357377334538
1416588530563748,暖色度余生静,2025.10.03,江苏,默默开启三倍速的我笑了。,2,7549791357377334538
4264385645119523,￴￴￴ ￴￴￴,2025.10.03,四川,中间发片都没人发现,3,7549791357377334538
2082910345105924,大义,2025.10.03,广东,再加一个 3.0~(¯▽¯~)~,1,7549791357377334538
561216969509808,菲菲,2025.10.03,辽宁,,3,7549791357377334538
527367940879838,你不懂说的听,2025.10.03,江西,,1,7549791357377334538
7497977998601421884,守望·终极,2025.10.03,河北,是我卡了吗？衣服怎么没加载出来？,29,7549791357377334538
426257843233575,我和钱双向奔赴,2025.10.03,山西,其实看这个我也是用倍速看的[憨笑][赞],1,7549791357377334538
3477119835315812,柒烬Might,2025.10.03,广西,咋这么慢呢，能不能快点，急死我了[微笑],2,7549791357377334538
2654653752805571,麟榀,2025.10.03,福建,再加3倍！,5,7549791357377334538
94291576014,呓语,2025.10.03,浙江,根深蒂固,1,7549791357377334538
1018622552844395,秋啾啾,2025.10.03,浙江,谁能截到根深蒂固那一幕[躺平],16,7549791357377334538
961406823830075,海绵,2025.10.03,广西,用0.75倍可以看的到片[抱抱你][抱抱你],16,7549791357377334538
740425573599484,柒柒酱,2025.10.11,河南,我中间只看见一个根深蒂固。,1,7549791357377334538
3837710557517320,小宋呀,2025.10.03,湖北,截到了[流泪],2,7549791357377334538
1559576899755088,烟草,2025.10.03,河南,就上个厕所的功夫就看完了吗？,3,7549791357377334538
3272611712730685,立刻有,2025.10.03,广东,删减了,2,7549791357377334538
110677035089,ZHI,2025.10.03,四川,真是惬意看完一部电影[憨笑],5,7549791357377334538
235716127494668,下辈子当少爷,2025.10.03,湖南,,2,7549791357377334538
3619240324892680,小气鬼,2025.10.03,四川,那我再开个3倍速你应该如何应对？,1,7549791357377334538
93580636486,🥳,2025.10.03,河南,问你呢[黑脸],6,7549791357377334538
2700002379972235,遗忘者,2025.10.03,辽宁,我又加了三倍[捂脸],1,7549791357377334538
2236867776873979,福袋,2025.10.03,河南,第一次截屏[微笑],30,7549791357377334538
2306128471447552,欧,2025.10.03,湖南,"同学问我看了
哪吒2吗？我说我花了一分钟不到看完了。",21,7549791357377334538
2516137993831968,横亨恒,2025.10.03,山东,最难熬的23秒,1,7549791357377334538
589814476584397,你的羽晨,2025.10.03,福建,[图片表情],1,7549791357377334538
3918270025959572,绿宝宝,2025.10.03,江苏,给你加了成2,1,7549791357377334538
2210482781947977,知奕.,2025.10.03,陕西,这么高质的视频你们必须看看@JoJo @lllYYYttt @阿根猫 @自由飞翔的猫 @31fhx @qwert @某某 @薄^荷^ @@iceockdisease_ @怜亓悲观的心 @PeiPei @咪了个轩轩轩 @Mincatear𖤣𖥧𖥣🍀 @Yjx @梦回古韵,1,7549791357377334538
100386008977,薯鼠^O^,2025.10.03,江西,不是23秒啊,3,7549791357377334538
4419668921549796,NINYIᥫᩣ,2025.10.03,广西,只看清了根深蒂固[黑脸],3,7549791357377334538
2716259336328124,铭ᶜʲᵐ,2025.10.03,广东,二刷,2,7549791357377334538
971621765233949,沈阳鑫丰顺汽配,2025.10.03,辽宁,如果现在开三倍数更是决杀[憨笑][图片表情],3,7549791357377334538
92227685982,阿昭即正义,2025.10.03,河南,这次甘露的味道是啥[尬笑],18,7549791357377334538
740425573599484,柒柒酱,2025.10.11,河南,我中间只看见一个根深蒂固。,1,7549791357377334538
290733904896397,23.6W人,2025.10.03,山东,那我再开个二倍数，岂不是1040倍了？,2,7549791357377334538
180734530428088,荷荷荷荷包蛋,2025.10.03,湖南,嗯对 根深蒂固[泣不成声][躺平],1,7549791357377334538
109450910866,听见雨声,2025.10.03,福建,？,2,7549791357377334538
2211815124120947,不太彳亍诶,2025.10.03,福建,我是1040倍速[图片表情],9,7549791357377334538
2359982358535240,斩晨叶,2025.10.03,重庆,我甚至看到了根深蒂固[杀马特][杀马特],1,7549791357377334538
4024655874637261,Lorvian,2025.10.03,广东,太…太快了…,25,7549791357377334538
4440265419662523,王者荣耀·梦豪,2025.10.03,贵州,人家花两小时，我花了22秒,3,7549791357377334538
580993786582452,chen,2025.10.03,安徽,,6,7549791357377334538
3737948482191128,何,2025.10.03,广西,严重怀疑作者只放了图片,8,7549791357377334538
104966100653,肥嘟嘟左卫门,2025.10.03,广西,那如果我再3倍数呢？[杀马特][图片表情],5,7549791357377334538
1352868733650026,陌陌,2025.10.03,浙江,在加自己的2倍速[右边][左边],5,7549791357377334538
7463838062909473852,赤羽天河,2025.10.03,陕西,我又开了个三倍速[呲牙],2,7549791357377334538
2656013564248324,黄金体验镇魂曲,2025.10.03,贵州,哥们，你是不是纯氧没吸够？[微笑][微笑][微笑],1,7549791357377334538
272278392406894,✨*✨,2025.10.03,河南,可以，以后看电影就找你了,1,7549791357377334538
2065334398620666,乾隆御赐青玉耳坠一对,2025.10.03,山东,看半天就看到个根深蒂固[黑脸],1,7549791357377334538
4107393244595483,sea.,2025.10.03,福建,看完520遍=看完一整部[看][图片表情],41,7549791357377334538
3811369632137904,妄定,2025.10.03,山西,那我要是再用二倍速看的话，是不是就是呃1040倍？[坏笑],3,7549791357377334538
3708019451637984,一诺,2025.10.03,山东,,1,7549791357377334538
782499987595864,黎炜晗,2025.10.11,广东,[抠鼻],0,7559843552314854692
78749686406,喂喂SC,2025.10.10,江苏,袜子什么情况[图片表情],1,7559617997452725562
104012649669,断思.,2025.10.11,韩国,好活当赏[看][图片表情],0,7559617997452725562
325871943037191,呃呃呃,2025.10.11,湖北,感觉主播怼脸拍流量会好一点[图片表情],0,7559617997452725562
2997712460453283,忆往昔,2025.10.10,广西,2分钟前[舔屏][舔屏][舔屏],0,7559617997452725562
388559198501696,琉璃の璀璨、,2025.10.10,山西,[图片表情],0,7559617997452725562
99240443645,宝宝宝宝宝宝宝宝,2025.10.10,河南,[玫瑰][玫瑰][玫瑰],0,7559617997452725562
360241405630413,阿呸77,2025.10.10,河北,[比心][比心],0,7559617997452725562
107665873871,𒀱,2025.10.11,山东,女儿,0,7559617997452725562
87386012398,洗洗洗,2025.10.11,广东,[图片表情],0,7559617997452725562
3048267587523308,小左,2025.10.10,上海,MM,0,7559617997452725562
63392835601,凌晨,2025.10.10,广东,[图片表情],1,7559617997452725562
